ID,Category_L1,Category_L2,Source,Path
021111502145,Bird,Unclassified Bird,From_Pixbay,Bird/Unclassified Bird/021111502145.png
021111502146,Bird,Unclassified Bird,From_Pixbay,Bird/Unclassified Bird/021111502146.png
021111502147,Bird,Unclassified Bird,From_Pixbay,Bird/Unclassified Bird/021111502147.png
021111502148,Bird,Unclassified Bird,From_Pixbay,Bird/Unclassified Bird/021111502148.png
021111502149,Bird,Unclassified Bird,From_Pixbay,Bird/Unclassified Bird/021111502149.png
021111502150,Bird,Unclassified Bird,From_Pixbay,Bird/Unclassified Bird/021111502150.png
021111502151,Bird,Unclassified Bird,From_Pixbay,Bird/Unclassified Bird/021111502151.png
021111502152,Bird,Unclassified Bird,From_Pixbay,Bird/Unclassified Bird/021111502152.png
021111502153,Bird,Unclassified Bird,From_Pixbay,Bird/Unclassified Bird/021111502153.png
021111502154,Bird,Unclassified Bird,From_Pixbay,Bird/Unclassified Bird/021111502154.png
021111502155,Bird,Unclassified Bird,From_Pixbay,Bird/Unclassified Bird/021111502155.png
021111502156,Bird,Unclassified Bird,From_Pixbay,Bird/Unclassified Bird/021111502156.png
021111502157,Bird,Unclassified Bird,From_Pixbay,Bird/Unclassified Bird/021111502157.png
021111502158,Bird,Unclassified Bird,From_Pixbay,Bird/Unclassified Bird/021111502158.png
021111502159,Bird,Unclassified Bird,From_Pixbay,Bird/Unclassified Bird/021111502159.png
021111502160,Bird,Unclassified Bird,From_Pixbay,Bird/Unclassified Bird/021111502160.png
021111502161,Bird,Unclassified Bird,From_Pixbay,Bird/Unclassified Bird/021111502161.png
021111502162,Bird,Unclassified Bird,From_Pixbay,Bird/Unclassified Bird/021111502162.png
021111502163,Bird,Unclassified Bird,From_Pixbay,Bird/Unclassified Bird/021111502163.png
021111502164,Bird,Unclassified Bird,From_Pixbay,Bird/Unclassified Bird/021111502164.png
021111502165,Bird,Unclassified Bird,From_Pixbay,Bird/Unclassified Bird/021111502165.png
021111502166,Bird,Unclassified Bird,From_Pixbay,Bird/Unclassified Bird/021111502166.png
021111502167,Bird,Unclassified Bird,From_Pixbay,Bird/Unclassified Bird/021111502167.png
021111502168,Bird,Unclassified Bird,From_Pixbay,Bird/Unclassified Bird/021111502168.png
021111502169,Bird,Unclassified Bird,From_Pixbay,Bird/Unclassified Bird/021111502169.png
021111502170,Bird,Unclassified Bird,From_Pixbay,Bird/Unclassified Bird/021111502170.png
021111502171,Bird,Unclassified Bird,From_Pixbay,Bird/Unclassified Bird/021111502171.png
021111502172,Bird,Unclassified Bird,From_Pixbay,Bird/Unclassified Bird/021111502172.png
021111502173,Bird,Unclassified Bird,From_Pixbay,Bird/Unclassified Bird/021111502173.png
021111502174,Bird,Unclassified Bird,From_Pixbay,Bird/Unclassified Bird/021111502174.png
021111502175,Bird,Unclassified Bird,From_Pixbay,Bird/Unclassified Bird/021111502175.png
021111502176,Bird,Unclassified Bird,From_Pixbay,Bird/Unclassified Bird/021111502176.png
021111502177,Bird,Unclassified Bird,From_Pixbay,Bird/Unclassified Bird/021111502177.png
021111502178,Bird,Unclassified Bird,From_Pixbay,Bird/Unclassified Bird/021111502178.png
021111502179,Bird,Unclassified Bird,From_Pixbay,Bird/Unclassified Bird/021111502179.png
021111502180,Bird,Unclassified Bird,From_Pixbay,Bird/Unclassified Bird/021111502180.png
021111502181,Bird,Unclassified Bird,From_Pixbay,Bird/Unclassified Bird/021111502181.png
021111502182,Bird,Unclassified Bird,From_Pixbay,Bird/Unclassified Bird/021111502182.png
021111502183,Bird,Unclassified Bird,From_Pixbay,Bird/Unclassified Bird/021111502183.png
021111502184,Bird,Unclassified Bird,From_Pixbay,Bird/Unclassified Bird/021111502184.png
021111502185,Bird,Unclassified Bird,From_Pixbay,Bird/Unclassified Bird/021111502185.png
010712502433,Electronic device,Bluetooth headset,From_Bing,Electronic device/Bluetooth headset/010712502433.png
010712502434,Electronic device,Bluetooth headset,From_Bing,Electronic device/Bluetooth headset/010712502434.png
010712502435,Electronic device,Bluetooth headset,From_Bing,Electronic device/Bluetooth headset/010712502435.png
010712502436,Electronic device,Bluetooth headset,From_Bing,Electronic device/Bluetooth headset/010712502436.png
010712502437,Electronic device,Bluetooth headset,From_Bing,Electronic device/Bluetooth headset/010712502437.png
010712502438,Electronic device,Bluetooth headset,From_Bing,Electronic device/Bluetooth headset/010712502438.png
010712502439,Electronic device,Bluetooth headset,From_Bing,Electronic device/Bluetooth headset/010712502439.png
010701500001,Electronic device,Camera,From_Bing,Electronic device/Camera/010701500001.png
010701500002,Electronic device,Camera,From_Bing,Electronic device/Camera/010701500002.png
010701500003,Electronic device,Camera,From_Bing,Electronic device/Camera/010701500003.png
010701500004,Electronic device,Camera,From_Bing,Electronic device/Camera/010701500004.png
010701500005,Electronic device,Camera,From_Bing,Electronic device/Camera/010701500005.png
010701500006,Electronic device,Camera,From_Bing,Electronic device/Camera/010701500006.png
010701500007,Electronic device,Camera,From_Bing,Electronic device/Camera/010701500007.png
010701500008,Electronic device,Camera,From_Bing,Electronic device/Camera/010701500008.png
010713402640,Electronic device,Cartoon Electronics,From_Bing,Electronic device/Cartoon Electronics/010713402640.png
010713402641,Electronic device,Cartoon Electronics,From_Bing,Electronic device/Cartoon Electronics/010713402641.png
010713402642,Electronic device,Cartoon Electronics,From_Bing,Electronic device/Cartoon Electronics/010713402642.png
010701900009,Electronic device,Cellphone,From_Bing,Electronic device/Cellphone/010701900009.png
010701900010,Electronic device,Cellphone,From_Bing,Electronic device/Cellphone/010701900010.png
010701900011,Electronic device,Cellphone,From_Bing,Electronic device/Cellphone/010701900011.png
010701900012,Electronic device,Cellphone,From_Bing,Electronic device/Cellphone/010701900012.png
010701900013,Electronic device,Cellphone,From_Bing,Electronic device/Cellphone/010701900013.png
010701900014,Electronic device,Cellphone,From_Bing,Electronic device/Cellphone/010701900014.png
010701900015,Electronic device,Cellphone,From_Bing,Electronic device/Cellphone/010701900015.png
010701900016,Electronic device,Cellphone,From_Bing,Electronic device/Cellphone/010701900016.png
010701900017,Electronic device,Cellphone,From_Bing,Electronic device/Cellphone/010701900017.png
010701900018,Electronic device,Cellphone,From_Bing,Electronic device/Cellphone/010701900018.png
010701900019,Electronic device,Cellphone,From_Bing,Electronic device/Cellphone/010701900019.png
010701900020,Electronic device,Cellphone,From_Bing,Electronic device/Cellphone/010701900020.png
010701900021,Electronic device,Cellphone,From_Bing,Electronic device/Cellphone/010701900021.png
010701900022,Electronic device,Cellphone,From_Bing,Electronic device/Cellphone/010701900022.png
010701900023,Electronic device,Cellphone,From_Bing,Electronic device/Cellphone/010701900023.png
010701900024,Electronic device,Cellphone,From_Bing,Electronic device/Cellphone/010701900024.png
010701900025,Electronic device,Cellphone,From_Bing,Electronic device/Cellphone/010701900025.png
040701900026,Electronic device,Cellphone,From_Kiani1000,Electronic device/Cellphone/040701900026.png
010702200027,Electronic device,Charger,From_Bing,Electronic device/Charger/010702200027.png
010702200028,Electronic device,Charger,From_Bing,Electronic device/Charger/010702200028.png
010702200029,Electronic device,Charger,From_Bing,Electronic device/Charger/010702200029.png
010702200030,Electronic device,Charger,From_Bing,Electronic device/Charger/010702200030.png
010702200031,Electronic device,Charger,From_Bing,Electronic device/Charger/010702200031.png
010702200032,Electronic device,Charger,From_Bing,Electronic device/Charger/010702200032.png
010702200033,Electronic device,Charger,From_Bing,Electronic device/Charger/010702200033.png
010703000034,Electronic device,Drone,From_Bing,Electronic device/Drone/010703000034.png
010703000035,Electronic device,Drone,From_Bing,Electronic device/Drone/010703000035.png
010703000036,Electronic device,Drone,From_Bing,Electronic device/Drone/010703000036.png
010703000037,Electronic device,Drone,From_Bing,Electronic device/Drone/010703000037.png
010703000038,Electronic device,Drone,From_Bing,Electronic device/Drone/010703000038.png
010703000039,Electronic device,Drone,From_Bing,Electronic device/Drone/010703000039.png
010703000040,Electronic device,Drone,From_Bing,Electronic device/Drone/010703000040.png
010703000041,Electronic device,Drone,From_Bing,Electronic device/Drone/010703000041.png
010703000042,Electronic device,Drone,From_Bing,Electronic device/Drone/010703000042.png
010703000043,Electronic device,Drone,From_Bing,Electronic device/Drone/010703000043.png
010712602440,Electronic device,Electronic cigarette,From_Bing,Electronic device/Electronic cigarette/010712602440.png
010712602441,Electronic device,Electronic cigarette,From_Bing,Electronic device/Electronic cigarette/010712602441.png
010712602442,Electronic device,Electronic cigarette,From_Bing,Electronic device/Electronic cigarette/010712602442.png
010712602443,Electronic device,Electronic cigarette,From_Bing,Electronic device/Electronic cigarette/010712602443.png
010712602444,Electronic device,Electronic cigarette,From_Bing,Electronic device/Electronic cigarette/010712602444.png
010712602445,Electronic device,Electronic cigarette,From_Bing,Electronic device/Electronic cigarette/010712602445.png
010712602446,Electronic device,Electronic cigarette,From_Bing,Electronic device/Electronic cigarette/010712602446.png
010703200044,Electronic device,Electronic scale,From_Bing,Electronic device/Electronic scale/010703200044.png
010703200045,Electronic device,Electronic scale,From_Bing,Electronic device/Electronic scale/010703200045.png
010703200046,Electronic device,Electronic scale,From_Bing,Electronic device/Electronic scale/010703200046.png
010703200047,Electronic device,Electronic scale,From_Bing,Electronic device/Electronic scale/010703200047.png
010703200048,Electronic device,Electronic scale,From_Bing,Electronic device/Electronic scale/010703200048.png
010703200049,Electronic device,Electronic scale,From_Bing,Electronic device/Electronic scale/010703200049.png
010703200050,Electronic device,Electronic scale,From_Bing,Electronic device/Electronic scale/010703200050.png
010703200051,Electronic device,Electronic scale,From_Bing,Electronic device/Electronic scale/010703200051.png
010704400052,Electronic device,Headphone,From_Bing,Electronic device/Headphone/010704400052.png
010704400053,Electronic device,Headphone,From_Bing,Electronic device/Headphone/010704400053.png
010704400054,Electronic device,Headphone,From_Bing,Electronic device/Headphone/010704400054.png
010704400055,Electronic device,Headphone,From_Bing,Electronic device/Headphone/010704400055.png
010704400056,Electronic device,Headphone,From_Bing,Electronic device/Headphone/010704400056.png
010704400057,Electronic device,Headphone,From_Bing,Electronic device/Headphone/010704400057.png
010704400058,Electronic device,Headphone,From_Bing,Electronic device/Headphone/010704400058.png
010704400059,Electronic device,Headphone,From_Bing,Electronic device/Headphone/010704400059.png
010704400060,Electronic device,Headphone,From_Bing,Electronic device/Headphone/010704400060.png
010704400061,Electronic device,Headphone,From_Bing,Electronic device/Headphone/010704400061.png
010704400062,Electronic device,Headphone,From_Bing,Electronic device/Headphone/010704400062.png
010704400063,Electronic device,Headphone,From_Bing,Electronic device/Headphone/010704400063.png
010705000064,Electronic device,Keyboard,From_Bing,Electronic device/Keyboard/010705000064.png
010705000065,Electronic device,Keyboard,From_Bing,Electronic device/Keyboard/010705000065.png
010705000066,Electronic device,Keyboard,From_Bing,Electronic device/Keyboard/010705000066.png
010705000067,Electronic device,Keyboard,From_Bing,Electronic device/Keyboard/010705000067.png
010705000068,Electronic device,Keyboard,From_Bing,Electronic device/Keyboard/010705000068.png
010705000069,Electronic device,Keyboard,From_Bing,Electronic device/Keyboard/010705000069.png
010705000070,Electronic device,Keyboard,From_Bing,Electronic device/Keyboard/010705000070.png
010705000071,Electronic device,Keyboard,From_Bing,Electronic device/Keyboard/010705000071.png
010705000072,Electronic device,Keyboard,From_Bing,Electronic device/Keyboard/010705000072.png
010705000073,Electronic device,Keyboard,From_Bing,Electronic device/Keyboard/010705000073.png
010705000074,Electronic device,Keyboard,From_Bing,Electronic device/Keyboard/010705000074.png
010705000075,Electronic device,Keyboard,From_Bing,Electronic device/Keyboard/010705000075.png
010705000076,Electronic device,Keyboard,From_Bing,Electronic device/Keyboard/010705000076.png
010705000077,Electronic device,Keyboard,From_Bing,Electronic device/Keyboard/010705000077.png
010705000078,Electronic device,Keyboard,From_Bing,Electronic device/Keyboard/010705000078.png
040705000079,Electronic device,Keyboard,From_Kiani1000,Electronic device/Keyboard/040705000079.png
010712702447,Electronic device,Microphone,From_Bing,Electronic device/Microphone/010712702447.png
010712702448,Electronic device,Microphone,From_Bing,Electronic device/Microphone/010712702448.png
010712702449,Electronic device,Microphone,From_Bing,Electronic device/Microphone/010712702449.png
010712702450,Electronic device,Microphone,From_Bing,Electronic device/Microphone/010712702450.png
010712702451,Electronic device,Microphone,From_Bing,Electronic device/Microphone/010712702451.png
010712702452,Electronic device,Microphone,From_Bing,Electronic device/Microphone/010712702452.png
010712702453,Electronic device,Microphone,From_Bing,Electronic device/Microphone/010712702453.png
010706700080,Electronic device,Mouse,From_Bing,Electronic device/Mouse/010706700080.png
010706700081,Electronic device,Mouse,From_Bing,Electronic device/Mouse/010706700081.png
010706700082,Electronic device,Mouse,From_Bing,Electronic device/Mouse/010706700082.png
010706700083,Electronic device,Mouse,From_Bing,Electronic device/Mouse/010706700083.png
010706700084,Electronic device,Mouse,From_Bing,Electronic device/Mouse/010706700084.png
010706700085,Electronic device,Mouse,From_Bing,Electronic device/Mouse/010706700085.png
010706700086,Electronic device,Mouse,From_Bing,Electronic device/Mouse/010706700086.png
010706700087,Electronic device,Mouse,From_Bing,Electronic device/Mouse/010706700087.png
010706700088,Electronic device,Mouse,From_Bing,Electronic device/Mouse/010706700088.png
010706700089,Electronic device,Mouse,From_Bing,Electronic device/Mouse/010706700089.png
010706700090,Electronic device,Mouse,From_Bing,Electronic device/Mouse/010706700090.png
010706700091,Electronic device,Mouse,From_Bing,Electronic device/Mouse/010706700091.png
010706700092,Electronic device,Mouse,From_Bing,Electronic device/Mouse/010706700092.png
010706700093,Electronic device,Mouse,From_Bing,Electronic device/Mouse/010706700093.png
010706700094,Electronic device,Mouse,From_Bing,Electronic device/Mouse/010706700094.png
010706700095,Electronic device,Mouse,From_Bing,Electronic device/Mouse/010706700095.png
010706700096,Electronic device,Mouse,From_Bing,Electronic device/Mouse/010706700096.png
010706700097,Electronic device,Mouse,From_Bing,Electronic device/Mouse/010706700097.png
010706700098,Electronic device,Mouse,From_Bing,Electronic device/Mouse/010706700098.png
010706700099,Electronic device,Mouse,From_Bing,Electronic device/Mouse/010706700099.png
010706700100,Electronic device,Mouse,From_Bing,Electronic device/Mouse/010706700100.png
010706700101,Electronic device,Mouse,From_Bing,Electronic device/Mouse/010706700101.png
040706700102,Electronic device,Mouse,From_Kiani1000,Electronic device/Mouse/040706700102.png
010707000103,Electronic device,PC,From_Bing,Electronic device/PC/010707000103.png
010707000104,Electronic device,PC,From_Bing,Electronic device/PC/010707000104.png
010707000105,Electronic device,PC,From_Bing,Electronic device/PC/010707000105.png
010707000106,Electronic device,PC,From_Bing,Electronic device/PC/010707000106.png
010707000107,Electronic device,PC,From_Bing,Electronic device/PC/010707000107.png
010707000108,Electronic device,PC,From_Bing,Electronic device/PC/010707000108.png
010707000109,Electronic device,PC,From_Bing,Electronic device/PC/010707000109.png
010707000110,Electronic device,PC,From_Bing,Electronic device/PC/010707000110.png
010707000111,Electronic device,PC,From_Bing,Electronic device/PC/010707000111.png
010707000112,Electronic device,PC,From_Bing,Electronic device/PC/010707000112.png
010707000113,Electronic device,PC,From_Bing,Electronic device/PC/010707000113.png
010707000114,Electronic device,PC,From_Bing,Electronic device/PC/010707000114.png
010707000115,Electronic device,PC,From_Bing,Electronic device/PC/010707000115.png
010707000116,Electronic device,PC,From_Bing,Electronic device/PC/010707000116.png
010707000117,Electronic device,PC,From_Bing,Electronic device/PC/010707000117.png
010707100118,Electronic device,PC cable,From_Bing,Electronic device/PC cable/010707100118.png
010707100119,Electronic device,PC cable,From_Bing,Electronic device/PC cable/010707100119.png
010707100120,Electronic device,PC cable,From_Bing,Electronic device/PC cable/010707100120.png
010707100121,Electronic device,PC cable,From_Bing,Electronic device/PC cable/010707100121.png
010707100122,Electronic device,PC cable,From_Bing,Electronic device/PC cable/010707100122.png
010707100123,Electronic device,PC cable,From_Bing,Electronic device/PC cable/010707100123.png
010707100124,Electronic device,PC cable,From_Bing,Electronic device/PC cable/010707100124.png
010707100125,Electronic device,PC cable,From_Bing,Electronic device/PC cable/010707100125.png
010707100126,Electronic device,PC cable,From_Bing,Electronic device/PC cable/010707100126.png
010707100127,Electronic device,PC cable,From_Bing,Electronic device/PC cable/010707100127.png
010707100128,Electronic device,PC cable,From_Bing,Electronic device/PC cable/010707100128.png
010707100129,Electronic device,PC cable,From_Bing,Electronic device/PC cable/010707100129.png
010707100130,Electronic device,PC cable,From_Bing,Electronic device/PC cable/010707100130.png
010707100131,Electronic device,PC cable,From_Bing,Electronic device/PC cable/010707100131.png
010707100132,Electronic device,PC cable,From_Bing,Electronic device/PC cable/010707100132.png
010707100133,Electronic device,PC cable,From_Bing,Electronic device/PC cable/010707100133.png
010707100134,Electronic device,PC cable,From_Bing,Electronic device/PC cable/010707100134.png
010707700135,Electronic device,Printer,From_Bing,Electronic device/Printer/010707700135.png
010707700136,Electronic device,Printer,From_Bing,Electronic device/Printer/010707700136.png
010707700137,Electronic device,Printer,From_Bing,Electronic device/Printer/010707700137.png
010707700138,Electronic device,Printer,From_Bing,Electronic device/Printer/010707700138.png
010707700139,Electronic device,Printer,From_Bing,Electronic device/Printer/010707700139.png
010707700140,Electronic device,Printer,From_Bing,Electronic device/Printer/010707700140.png
010707700141,Electronic device,Printer,From_Bing,Electronic device/Printer/010707700141.png
010707700142,Electronic device,Printer,From_Bing,Electronic device/Printer/010707700142.png
010707800143,Electronic device,Projector,From_Bing,Electronic device/Projector/010707800143.png
010707800144,Electronic device,Projector,From_Bing,Electronic device/Projector/010707800144.png
010707800145,Electronic device,Projector,From_Bing,Electronic device/Projector/010707800145.png
010707800146,Electronic device,Projector,From_Bing,Electronic device/Projector/010707800146.png
010707800147,Electronic device,Projector,From_Bing,Electronic device/Projector/010707800147.png
010707800148,Electronic device,Projector,From_Bing,Electronic device/Projector/010707800148.png
010707800149,Electronic device,Projector,From_Bing,Electronic device/Projector/010707800149.png
010708100150,Electronic device,Radio,From_Bing,Electronic device/Radio/010708100150.png
010708100151,Electronic device,Radio,From_Bing,Electronic device/Radio/010708100151.png
010708100152,Electronic device,Radio,From_Bing,Electronic device/Radio/010708100152.png
010708100153,Electronic device,Radio,From_Bing,Electronic device/Radio/010708100153.png
010708100154,Electronic device,Radio,From_Bing,Electronic device/Radio/010708100154.png
010708100155,Electronic device,Radio,From_Bing,Electronic device/Radio/010708100155.png
010708100156,Electronic device,Radio,From_Bing,Electronic device/Radio/010708100156.png
010708100157,Electronic device,Radio,From_Bing,Electronic device/Radio/010708100157.png
010712802454,Electronic device,Remote control,From_Bing,Electronic device/Remote control/010712802454.png
010712802455,Electronic device,Remote control,From_Bing,Electronic device/Remote control/010712802455.png
010712802456,Electronic device,Remote control,From_Bing,Electronic device/Remote control/010712802456.png
010712802457,Electronic device,Remote control,From_Bing,Electronic device/Remote control/010712802457.png
010712802458,Electronic device,Remote control,From_Bing,Electronic device/Remote control/010712802458.png
010712802459,Electronic device,Remote control,From_Bing,Electronic device/Remote control/010712802459.png
010712802460,Electronic device,Remote control,From_Bing,Electronic device/Remote control/010712802460.png
010712902461,Electronic device,Robot,From_Bing,Electronic device/Robot/010712902461.png
010712902462,Electronic device,Robot,From_Bing,Electronic device/Robot/010712902462.png
010712902463,Electronic device,Robot,From_Bing,Electronic device/Robot/010712902463.png
010712902464,Electronic device,Robot,From_Bing,Electronic device/Robot/010712902464.png
010712902465,Electronic device,Robot,From_Bing,Electronic device/Robot/010712902465.png
010712902466,Electronic device,Robot,From_Bing,Electronic device/Robot/010712902466.png
010712902467,Electronic device,Robot,From_Bing,Electronic device/Robot/010712902467.png
010712902535,Electronic device,Robot,From_Bing,Electronic device/Robot/010712902535.png
010712902536,Electronic device,Robot,From_Bing,Electronic device/Robot/010712902536.png
010712902537,Electronic device,Robot,From_Bing,Electronic device/Robot/010712902537.png
010712902538,Electronic device,Robot,From_Bing,Electronic device/Robot/010712902538.png
010712902539,Electronic device,Robot,From_Bing,Electronic device/Robot/010712902539.png
010708300158,Electronic device,Router,From_Bing,Electronic device/Router/010708300158.png
010708300159,Electronic device,Router,From_Bing,Electronic device/Router/010708300159.png
010708300160,Electronic device,Router,From_Bing,Electronic device/Router/010708300160.png
010708300161,Electronic device,Router,From_Bing,Electronic device/Router/010708300161.png
010708300162,Electronic device,Router,From_Bing,Electronic device/Router/010708300162.png
010708300163,Electronic device,Router,From_Bing,Electronic device/Router/010708300163.png
010708300164,Electronic device,Router,From_Bing,Electronic device/Router/010708300164.png
010708300165,Electronic device,Router,From_Bing,Electronic device/Router/010708300165.png
010708300166,Electronic device,Router,From_Bing,Electronic device/Router/010708300166.png
010712202414,Electronic device,Speaker,From_Bing,Electronic device/Speaker/010712202414.png
010712202415,Electronic device,Speaker,From_Bing,Electronic device/Speaker/010712202415.png
010712202416,Electronic device,Speaker,From_Bing,Electronic device/Speaker/010712202416.png
010712202417,Electronic device,Speaker,From_Bing,Electronic device/Speaker/010712202417.png
010712202418,Electronic device,Speaker,From_Bing,Electronic device/Speaker/010712202418.png
010712202419,Electronic device,Speaker,From_Bing,Electronic device/Speaker/010712202419.png
010712202420,Electronic device,Speaker,From_Bing,Electronic device/Speaker/010712202420.png
010712302421,Electronic device,USB flash driver,From_Bing,Electronic device/USB flash driver/010712302421.png
010712302422,Electronic device,USB flash driver,From_Bing,Electronic device/USB flash driver/010712302422.png
010712302423,Electronic device,USB flash driver,From_Bing,Electronic device/USB flash driver/010712302423.png
010712302424,Electronic device,USB flash driver,From_Bing,Electronic device/USB flash driver/010712302424.png
010712302425,Electronic device,USB flash driver,From_Bing,Electronic device/USB flash driver/010712302425.png
010712302426,Electronic device,USB flash driver,From_Bing,Electronic device/USB flash driver/010712302426.png
010712402427,Electronic device,VR headset,From_Bing,Electronic device/VR headset/010712402427.png
010712402428,Electronic device,VR headset,From_Bing,Electronic device/VR headset/010712402428.png
010712402429,Electronic device,VR headset,From_Bing,Electronic device/VR headset/010712402429.png
010712402430,Electronic device,VR headset,From_Bing,Electronic device/VR headset/010712402430.png
010712402431,Electronic device,VR headset,From_Bing,Electronic device/VR headset/010712402431.png
010712402432,Electronic device,VR headset,From_Bing,Electronic device/VR headset/010712402432.png
010711100167,Electronic device,Webcam,From_Bing,Electronic device/Webcam/010711100167.png
010711100168,Electronic device,Webcam,From_Bing,Electronic device/Webcam/010711100168.png
010711100169,Electronic device,Webcam,From_Bing,Electronic device/Webcam/010711100169.png
010711100170,Electronic device,Webcam,From_Bing,Electronic device/Webcam/010711100170.png
010711100171,Electronic device,Webcam,From_Bing,Electronic device/Webcam/010711100171.png
010711100172,Electronic device,Webcam,From_Bing,Electronic device/Webcam/010711100172.png
010711100173,Electronic device,Webcam,From_Bing,Electronic device/Webcam/010711100173.png
010711100174,Electronic device,Webcam,From_Bing,Electronic device/Webcam/010711100174.png
011011402110,Fish,Unclassified Fish,From_Bing,Fish/Unclassified Fish/011011402110.png
011011402111,Fish,Unclassified Fish,From_Bing,Fish/Unclassified Fish/011011402111.png
011011402112,Fish,Unclassified Fish,From_Bing,Fish/Unclassified Fish/011011402112.png
011011402113,Fish,Unclassified Fish,From_Bing,Fish/Unclassified Fish/011011402113.png
011011402114,Fish,Unclassified Fish,From_Bing,Fish/Unclassified Fish/011011402114.png
011011402115,Fish,Unclassified Fish,From_Bing,Fish/Unclassified Fish/011011402115.png
011011402116,Fish,Unclassified Fish,From_Bing,Fish/Unclassified Fish/011011402116.png
011011402556,Fish,Unclassified Fish,From_Bing,Fish/Unclassified Fish/011011402556.png
011011402557,Fish,Unclassified Fish,From_Bing,Fish/Unclassified Fish/011011402557.png
010500800175,Food,Bread,From_Bing,Food/Bread/010500800175.png
010500800176,Food,Bread,From_Bing,Food/Bread/010500800176.png
010500800177,Food,Bread,From_Bing,Food/Bread/010500800177.png
010500800178,Food,Bread,From_Bing,Food/Bread/010500800178.png
010500800179,Food,Bread,From_Bing,Food/Bread/010500800179.png
010500800180,Food,Bread,From_Bing,Food/Bread/010500800180.png
010500800181,Food,Bread,From_Bing,Food/Bread/010500800181.png
010500800182,Food,Bread,From_Bing,Food/Bread/010500800182.png
010500800183,Food,Bread,From_Bing,Food/Bread/010500800183.png
010501100184,Food,Burger,From_Bing,Food/Burger/010501100184.png
010501100185,Food,Burger,From_Bing,Food/Burger/010501100185.png
010501100186,Food,Burger,From_Bing,Food/Burger/010501100186.png
010501100187,Food,Burger,From_Bing,Food/Burger/010501100187.png
010501100188,Food,Burger,From_Bing,Food/Burger/010501100188.png
010501100189,Food,Burger,From_Bing,Food/Burger/010501100189.png
010501102521,Food,Burger,From_Bing,Food/Burger/010501102521.png
010501102522,Food,Burger,From_Bing,Food/Burger/010501102522.png
010501102523,Food,Burger,From_Bing,Food/Burger/010501102523.png
010501102524,Food,Burger,From_Bing,Food/Burger/010501102524.png
010501102525,Food,Burger,From_Bing,Food/Burger/010501102525.png
010501102526,Food,Burger,From_Bing,Food/Burger/010501102526.png
010501400190,Food,Cake,From_Bing,Food/Cake/010501400190.png
010501400191,Food,Cake,From_Bing,Food/Cake/010501400191.png
010501400192,Food,Cake,From_Bing,Food/Cake/010501400192.png
010501400193,Food,Cake,From_Bing,Food/Cake/010501400193.png
010501400194,Food,Cake,From_Bing,Food/Cake/010501400194.png
010501400195,Food,Cake,From_Bing,Food/Cake/010501400195.png
010501400196,Food,Cake,From_Bing,Food/Cake/010501400196.png
010501400197,Food,Cake,From_Bing,Food/Cake/010501400197.png
010501400198,Food,Cake,From_Bing,Food/Cake/010501400198.png
010513602643,Food,Cartoon Food,From_Bing,Food/Cartoon Food/010513602643.png
010513602644,Food,Cartoon Food,From_Bing,Food/Cartoon Food/010513602644.png
010513602645,Food,Cartoon Food,From_Bing,Food/Cartoon Food/010513602645.png
010513602646,Food,Cartoon Food,From_Bing,Food/Cartoon Food/010513602646.png
010513602647,Food,Cartoon Food,From_Bing,Food/Cartoon Food/010513602647.png
010513602648,Food,Cartoon Food,From_Bing,Food/Cartoon Food/010513602648.png
010513602649,Food,Cartoon Food,From_Bing,Food/Cartoon Food/010513602649.png
010513602650,Food,Cartoon Food,From_Bing,Food/Cartoon Food/010513602650.png
010513602651,Food,Cartoon Food,From_Bing,Food/Cartoon Food/010513602651.png
010513602652,Food,Cartoon Food,From_Bing,Food/Cartoon Food/010513602652.png
010513602653,Food,Cartoon Food,From_Bing,Food/Cartoon Food/010513602653.png
010513602654,Food,Cartoon Food,From_Bing,Food/Cartoon Food/010513602654.png
010513602655,Food,Cartoon Food,From_Bing,Food/Cartoon Food/010513602655.png
010513602656,Food,Cartoon Food,From_Bing,Food/Cartoon Food/010513602656.png
010513602657,Food,Cartoon Food,From_Bing,Food/Cartoon Food/010513602657.png
010513602658,Food,Cartoon Food,From_Bing,Food/Cartoon Food/010513602658.png
010513602659,Food,Cartoon Food,From_Bing,Food/Cartoon Food/010513602659.png
010513602660,Food,Cartoon Food,From_Bing,Food/Cartoon Food/010513602660.png
010513602661,Food,Cartoon Food,From_Bing,Food/Cartoon Food/010513602661.png
010513602662,Food,Cartoon Food,From_Bing,Food/Cartoon Food/010513602662.png
010513602663,Food,Cartoon Food,From_Bing,Food/Cartoon Food/010513602663.png
010513602664,Food,Cartoon Food,From_Bing,Food/Cartoon Food/010513602664.png
010513602665,Food,Cartoon Food,From_Bing,Food/Cartoon Food/010513602665.png
010513602666,Food,Cartoon Food,From_Bing,Food/Cartoon Food/010513602666.png
010513602667,Food,Cartoon Food,From_Bing,Food/Cartoon Food/010513602667.png
010513602668,Food,Cartoon Food,From_Bing,Food/Cartoon Food/010513602668.png
010513602669,Food,Cartoon Food,From_Bing,Food/Cartoon Food/010513602669.png
010513602670,Food,Cartoon Food,From_Bing,Food/Cartoon Food/010513602670.png
010513602671,Food,Cartoon Food,From_Bing,Food/Cartoon Food/010513602671.png
010513602672,Food,Cartoon Food,From_Bing,Food/Cartoon Food/010513602672.png
010513602673,Food,Cartoon Food,From_Bing,Food/Cartoon Food/010513602673.png
010513602674,Food,Cartoon Food,From_Bing,Food/Cartoon Food/010513602674.png
010513602675,Food,Cartoon Food,From_Bing,Food/Cartoon Food/010513602675.png
010513602676,Food,Cartoon Food,From_Bing,Food/Cartoon Food/010513602676.png
010504000199,Food,Fruit,From_Bing,Food/Fruit/010504000199.png
010504000200,Food,Fruit,From_Bing,Food/Fruit/010504000200.png
010504000201,Food,Fruit,From_Bing,Food/Fruit/010504000201.png
010504000202,Food,Fruit,From_Bing,Food/Fruit/010504000202.png
010504000203,Food,Fruit,From_Bing,Food/Fruit/010504000203.png
010504000204,Food,Fruit,From_Bing,Food/Fruit/010504000204.png
010504000205,Food,Fruit,From_Bing,Food/Fruit/010504000205.png
010504000206,Food,Fruit,From_Bing,Food/Fruit/010504000206.png
010504000207,Food,Fruit,From_Bing,Food/Fruit/010504000207.png
010504000208,Food,Fruit,From_Bing,Food/Fruit/010504000208.png
010504000209,Food,Fruit,From_Bing,Food/Fruit/010504000209.png
010504000210,Food,Fruit,From_Bing,Food/Fruit/010504000210.png
010504000211,Food,Fruit,From_Bing,Food/Fruit/010504000211.png
010504000212,Food,Fruit,From_Bing,Food/Fruit/010504000212.png
010504000213,Food,Fruit,From_Bing,Food/Fruit/010504000213.png
010504000214,Food,Fruit,From_Bing,Food/Fruit/010504000214.png
010504000215,Food,Fruit,From_Bing,Food/Fruit/010504000215.png
010504000216,Food,Fruit,From_Bing,Food/Fruit/010504000216.png
010504000217,Food,Fruit,From_Bing,Food/Fruit/010504000217.png
010504000218,Food,Fruit,From_Bing,Food/Fruit/010504000218.png
010504000219,Food,Fruit,From_Bing,Food/Fruit/010504000219.png
010504000220,Food,Fruit,From_Bing,Food/Fruit/010504000220.png
010504000221,Food,Fruit,From_Bing,Food/Fruit/010504000221.png
010504000222,Food,Fruit,From_Bing,Food/Fruit/010504000222.png
010504000223,Food,Fruit,From_Bing,Food/Fruit/010504000223.png
010504000224,Food,Fruit,From_Bing,Food/Fruit/010504000224.png
010504000225,Food,Fruit,From_Bing,Food/Fruit/010504000225.png
010504000226,Food,Fruit,From_Bing,Food/Fruit/010504000226.png
010504000227,Food,Fruit,From_Bing,Food/Fruit/010504000227.png
010504000228,Food,Fruit,From_Bing,Food/Fruit/010504000228.png
010504000229,Food,Fruit,From_Bing,Food/Fruit/010504000229.png
010504000230,Food,Fruit,From_Bing,Food/Fruit/010504000230.png
010504000231,Food,Fruit,From_Bing,Food/Fruit/010504000231.png
010504000232,Food,Fruit,From_Bing,Food/Fruit/010504000232.png
010504000233,Food,Fruit,From_Bing,Food/Fruit/010504000233.png
010504000234,Food,Fruit,From_Bing,Food/Fruit/010504000234.png
010504000235,Food,Fruit,From_Bing,Food/Fruit/010504000235.png
010504000236,Food,Fruit,From_Bing,Food/Fruit/010504000236.png
010504000237,Food,Fruit,From_Bing,Food/Fruit/010504000237.png
010504000238,Food,Fruit,From_Bing,Food/Fruit/010504000238.png
010504000239,Food,Fruit,From_Bing,Food/Fruit/010504000239.png
010504000240,Food,Fruit,From_Bing,Food/Fruit/010504000240.png
010504000241,Food,Fruit,From_Bing,Food/Fruit/010504000241.png
010504000242,Food,Fruit,From_Bing,Food/Fruit/010504000242.png
010504000243,Food,Fruit,From_Bing,Food/Fruit/010504000243.png
010504000244,Food,Fruit,From_Bing,Food/Fruit/010504000244.png
010504000245,Food,Fruit,From_Bing,Food/Fruit/010504000245.png
010504000246,Food,Fruit,From_Bing,Food/Fruit/010504000246.png
010504000247,Food,Fruit,From_Bing,Food/Fruit/010504000247.png
010504000248,Food,Fruit,From_Bing,Food/Fruit/010504000248.png
010504000249,Food,Fruit,From_Bing,Food/Fruit/010504000249.png
010504000250,Food,Fruit,From_Bing,Food/Fruit/010504000250.png
010504000251,Food,Fruit,From_Bing,Food/Fruit/010504000251.png
010504000252,Food,Fruit,From_Bing,Food/Fruit/010504000252.png
010504000253,Food,Fruit,From_Bing,Food/Fruit/010504000253.png
010504000254,Food,Fruit,From_Bing,Food/Fruit/010504000254.png
010504000255,Food,Fruit,From_Bing,Food/Fruit/010504000255.png
010504000256,Food,Fruit,From_Bing,Food/Fruit/010504000256.png
010504000257,Food,Fruit,From_Bing,Food/Fruit/010504000257.png
010504000258,Food,Fruit,From_Bing,Food/Fruit/010504000258.png
010504000259,Food,Fruit,From_Bing,Food/Fruit/010504000259.png
010504000260,Food,Fruit,From_Bing,Food/Fruit/010504000260.png
010504000261,Food,Fruit,From_Bing,Food/Fruit/010504000261.png
010504000262,Food,Fruit,From_Bing,Food/Fruit/010504000262.png
010504000263,Food,Fruit,From_Bing,Food/Fruit/010504000263.png
010504000264,Food,Fruit,From_Bing,Food/Fruit/010504000264.png
010504000265,Food,Fruit,From_Bing,Food/Fruit/010504000265.png
010504000266,Food,Fruit,From_Bing,Food/Fruit/010504000266.png
010504000267,Food,Fruit,From_Bing,Food/Fruit/010504000267.png
010504000268,Food,Fruit,From_Bing,Food/Fruit/010504000268.png
010504000269,Food,Fruit,From_Bing,Food/Fruit/010504000269.png
010504000270,Food,Fruit,From_Bing,Food/Fruit/010504000270.png
010504000271,Food,Fruit,From_Bing,Food/Fruit/010504000271.png
010504000272,Food,Fruit,From_Bing,Food/Fruit/010504000272.png
010504000273,Food,Fruit,From_Bing,Food/Fruit/010504000273.png
010504000274,Food,Fruit,From_Bing,Food/Fruit/010504000274.png
010504000275,Food,Fruit,From_Bing,Food/Fruit/010504000275.png
010504000276,Food,Fruit,From_Bing,Food/Fruit/010504000276.png
010504000277,Food,Fruit,From_Bing,Food/Fruit/010504000277.png
010504000278,Food,Fruit,From_Bing,Food/Fruit/010504000278.png
010504000279,Food,Fruit,From_Bing,Food/Fruit/010504000279.png
010504000280,Food,Fruit,From_Bing,Food/Fruit/010504000280.png
010504000281,Food,Fruit,From_Bing,Food/Fruit/010504000281.png
010504000282,Food,Fruit,From_Bing,Food/Fruit/010504000282.png
010504000283,Food,Fruit,From_Bing,Food/Fruit/010504000283.png
010504000284,Food,Fruit,From_Bing,Food/Fruit/010504000284.png
010504000285,Food,Fruit,From_Bing,Food/Fruit/010504000285.png
040504000286,Food,Fruit,From_Kiani1000,Food/Fruit/040504000286.png
040504000287,Food,Fruit,From_Kiani1000,Food/Fruit/040504000287.png
040504000288,Food,Fruit,From_Kiani1000,Food/Fruit/040504000288.png
010505800289,Food,Meat,From_Bing,Food/Meat/010505800289.png
010505800290,Food,Meat,From_Bing,Food/Meat/010505800290.png
010505800291,Food,Meat,From_Bing,Food/Meat/010505800291.png
010505800292,Food,Meat,From_Bing,Food/Meat/010505800292.png
010505800293,Food,Meat,From_Bing,Food/Meat/010505800293.png
010505800294,Food,Meat,From_Bing,Food/Meat/010505800294.png
010505800295,Food,Meat,From_Bing,Food/Meat/010505800295.png
010505800296,Food,Meat,From_Bing,Food/Meat/010505800296.png
010505800297,Food,Meat,From_Bing,Food/Meat/010505800297.png
010505800298,Food,Meat,From_Bing,Food/Meat/010505800298.png
010505800299,Food,Meat,From_Bing,Food/Meat/010505800299.png
010505800300,Food,Meat,From_Bing,Food/Meat/010505800300.png
010505800301,Food,Meat,From_Bing,Food/Meat/010505800301.png
010505800302,Food,Meat,From_Bing,Food/Meat/010505800302.png
010506300303,Food,Monkey_food,From_Bing,Food/Monkey_food/010506300303.png
010506300304,Food,Monkey_food,From_Bing,Food/Monkey_food/010506300304.png
010506300305,Food,Monkey_food,From_Bing,Food/Monkey_food/010506300305.png
010506300306,Food,Monkey_food,From_Bing,Food/Monkey_food/010506300306.png
010506300307,Food,Monkey_food,From_Bing,Food/Monkey_food/010506300307.png
010506300308,Food,Monkey_food,From_Bing,Food/Monkey_food/010506300308.png
010506300309,Food,Monkey_food,From_Bing,Food/Monkey_food/010506300309.png
010506300310,Food,Monkey_food,From_Bing,Food/Monkey_food/010506300310.png
010506300311,Food,Monkey_food,From_Bing,Food/Monkey_food/010506300311.png
010506300312,Food,Monkey_food,From_Bing,Food/Monkey_food/010506300312.png
010506300313,Food,Monkey_food,From_Bing,Food/Monkey_food/010506300313.png
010506300314,Food,Monkey_food,From_Bing,Food/Monkey_food/010506300314.png
010506300315,Food,Monkey_food,From_Bing,Food/Monkey_food/010506300315.png
010506900316,Food,Nuts,From_Bing,Food/Nuts/010506900316.png
010506900317,Food,Nuts,From_Bing,Food/Nuts/010506900317.png
010506900318,Food,Nuts,From_Bing,Food/Nuts/010506900318.png
010506900319,Food,Nuts,From_Bing,Food/Nuts/010506900319.png
010506900320,Food,Nuts,From_Bing,Food/Nuts/010506900320.png
010506900321,Food,Nuts,From_Bing,Food/Nuts/010506900321.png
010506900322,Food,Nuts,From_Bing,Food/Nuts/010506900322.png
010506900323,Food,Nuts,From_Bing,Food/Nuts/010506900323.png
010506900324,Food,Nuts,From_Bing,Food/Nuts/010506900324.png
010506900325,Food,Nuts,From_Bing,Food/Nuts/010506900325.png
040506900326,Food,Nuts,From_Kiani1000,Food/Nuts/040506900326.png
010507600327,Food,Pizza,From_Bing,Food/Pizza/010507600327.png
010507600328,Food,Pizza,From_Bing,Food/Pizza/010507600328.png
020507600329,Food,Pizza,From_Pixbay,Food/Pizza/020507600329.png
020507600330,Food,Pizza,From_Pixbay,Food/Pizza/020507600330.png
020507600331,Food,Pizza,From_Pixbay,Food/Pizza/020507600331.png
020507600332,Food,Pizza,From_Pixbay,Food/Pizza/020507600332.png
020507600333,Food,Pizza,From_Pixbay,Food/Pizza/020507600333.png
020507600334,Food,Pizza,From_Pixbay,Food/Pizza/020507600334.png
010508500335,Food,Sandwich,From_Bing,Food/Sandwich/010508500335.png
010508500336,Food,Sandwich,From_Bing,Food/Sandwich/010508500336.png
010508500337,Food,Sandwich,From_Bing,Food/Sandwich/010508500337.png
010508500338,Food,Sandwich,From_Bing,Food/Sandwich/010508500338.png
010508500339,Food,Sandwich,From_Bing,Food/Sandwich/010508500339.png
010508500340,Food,Sandwich,From_Bing,Food/Sandwich/010508500340.png
010508500341,Food,Sandwich,From_Bing,Food/Sandwich/010508500341.png
010508500342,Food,Sandwich,From_Bing,Food/Sandwich/010508500342.png
010508500343,Food,Sandwich,From_Bing,Food/Sandwich/010508500343.png
010508500344,Food,Sandwich,From_Bing,Food/Sandwich/010508500344.png
030513002476,Food,Sea-animal biscuit,From_Photo,Food/Sea-animal biscuit/030513002476.png
030513002477,Food,Sea-animal biscuit,From_Photo,Food/Sea-animal biscuit/030513002477.png
030513002478,Food,Sea-animal biscuit,From_Photo,Food/Sea-animal biscuit/030513002478.png
030513002479,Food,Sea-animal biscuit,From_Photo,Food/Sea-animal biscuit/030513002479.png
030513002480,Food,Sea-animal biscuit,From_Photo,Food/Sea-animal biscuit/030513002480.png
030513002481,Food,Sea-animal biscuit,From_Photo,Food/Sea-animal biscuit/030513002481.png
030513002482,Food,Sea-animal biscuit,From_Photo,Food/Sea-animal biscuit/030513002482.png
030513002483,Food,Sea-animal biscuit,From_Photo,Food/Sea-animal biscuit/030513002483.png
030513002484,Food,Sea-animal biscuit,From_Photo,Food/Sea-animal biscuit/030513002484.png
010509300345,Food,Snacks,From_Bing,Food/Snacks/010509300345.png
010509300346,Food,Snacks,From_Bing,Food/Snacks/010509300346.png
010509300347,Food,Snacks,From_Bing,Food/Snacks/010509300347.png
010509300348,Food,Snacks,From_Bing,Food/Snacks/010509300348.png
010509300349,Food,Snacks,From_Bing,Food/Snacks/010509300349.png
010509300350,Food,Snacks,From_Bing,Food/Snacks/010509300350.png
010509300351,Food,Snacks,From_Bing,Food/Snacks/010509300351.png
010509300352,Food,Snacks,From_Bing,Food/Snacks/010509300352.png
010509300353,Food,Snacks,From_Bing,Food/Snacks/010509300353.png
010509300354,Food,Snacks,From_Bing,Food/Snacks/010509300354.png
010509300355,Food,Snacks,From_Bing,Food/Snacks/010509300355.png
010509300356,Food,Snacks,From_Bing,Food/Snacks/010509300356.png
010509300357,Food,Snacks,From_Bing,Food/Snacks/010509300357.png
010509300358,Food,Snacks,From_Bing,Food/Snacks/010509300358.png
010509300359,Food,Snacks,From_Bing,Food/Snacks/010509300359.png
010509300360,Food,Snacks,From_Bing,Food/Snacks/010509300360.png
010510000361,Food,Sushi,From_Bing,Food/Sushi/010510000361.png
010510000362,Food,Sushi,From_Bing,Food/Sushi/010510000362.png
010510000363,Food,Sushi,From_Bing,Food/Sushi/010510000363.png
010510000364,Food,Sushi,From_Bing,Food/Sushi/010510000364.png
010510000365,Food,Sushi,From_Bing,Food/Sushi/010510000365.png
010510000366,Food,Sushi,From_Bing,Food/Sushi/010510000366.png
010511000367,Food,Vegetable,From_Bing,Food/Vegetable/010511000367.png
010511000368,Food,Vegetable,From_Bing,Food/Vegetable/010511000368.png
010511000369,Food,Vegetable,From_Bing,Food/Vegetable/010511000369.png
010511000370,Food,Vegetable,From_Bing,Food/Vegetable/010511000370.png
010511000371,Food,Vegetable,From_Bing,Food/Vegetable/010511000371.png
010511000372,Food,Vegetable,From_Bing,Food/Vegetable/010511000372.png
010511000373,Food,Vegetable,From_Bing,Food/Vegetable/010511000373.png
010511000374,Food,Vegetable,From_Bing,Food/Vegetable/010511000374.png
010511000375,Food,Vegetable,From_Bing,Food/Vegetable/010511000375.png
010511000376,Food,Vegetable,From_Bing,Food/Vegetable/010511000376.png
010511000377,Food,Vegetable,From_Bing,Food/Vegetable/010511000377.png
010511000378,Food,Vegetable,From_Bing,Food/Vegetable/010511000378.png
010511000379,Food,Vegetable,From_Bing,Food/Vegetable/010511000379.png
010511000380,Food,Vegetable,From_Bing,Food/Vegetable/010511000380.png
010511000381,Food,Vegetable,From_Bing,Food/Vegetable/010511000381.png
010511000382,Food,Vegetable,From_Bing,Food/Vegetable/010511000382.png
010511000383,Food,Vegetable,From_Bing,Food/Vegetable/010511000383.png
010511000384,Food,Vegetable,From_Bing,Food/Vegetable/010511000384.png
010511000385,Food,Vegetable,From_Bing,Food/Vegetable/010511000385.png
010511000386,Food,Vegetable,From_Bing,Food/Vegetable/010511000386.png
010511000387,Food,Vegetable,From_Bing,Food/Vegetable/010511000387.png
010511000388,Food,Vegetable,From_Bing,Food/Vegetable/010511000388.png
010511000389,Food,Vegetable,From_Bing,Food/Vegetable/010511000389.png
010511000390,Food,Vegetable,From_Bing,Food/Vegetable/010511000390.png
010511000391,Food,Vegetable,From_Bing,Food/Vegetable/010511000391.png
010511000392,Food,Vegetable,From_Bing,Food/Vegetable/010511000392.png
010511000393,Food,Vegetable,From_Bing,Food/Vegetable/010511000393.png
010511000394,Food,Vegetable,From_Bing,Food/Vegetable/010511000394.png
010511000395,Food,Vegetable,From_Bing,Food/Vegetable/010511000395.png
010511000396,Food,Vegetable,From_Bing,Food/Vegetable/010511000396.png
010511000397,Food,Vegetable,From_Bing,Food/Vegetable/010511000397.png
010511000398,Food,Vegetable,From_Bing,Food/Vegetable/010511000398.png
010511000399,Food,Vegetable,From_Bing,Food/Vegetable/010511000399.png
010511000400,Food,Vegetable,From_Bing,Food/Vegetable/010511000400.png
010511000401,Food,Vegetable,From_Bing,Food/Vegetable/010511000401.png
010511000402,Food,Vegetable,From_Bing,Food/Vegetable/010511000402.png
010511000403,Food,Vegetable,From_Bing,Food/Vegetable/010511000403.png
010511000404,Food,Vegetable,From_Bing,Food/Vegetable/010511000404.png
010511000405,Food,Vegetable,From_Bing,Food/Vegetable/010511000405.png
010511000406,Food,Vegetable,From_Bing,Food/Vegetable/010511000406.png
010511000407,Food,Vegetable,From_Bing,Food/Vegetable/010511000407.png
010511000408,Food,Vegetable,From_Bing,Food/Vegetable/010511000408.png
010511000409,Food,Vegetable,From_Bing,Food/Vegetable/010511000409.png
010511000410,Food,Vegetable,From_Bing,Food/Vegetable/010511000410.png
010511000411,Food,Vegetable,From_Bing,Food/Vegetable/010511000411.png
010511000412,Food,Vegetable,From_Bing,Food/Vegetable/010511000412.png
040511000413,Food,Vegetable,From_Kiani1000,Food/Vegetable/040511000413.png
040511000414,Food,Vegetable,From_Kiani1000,Food/Vegetable/040511000414.png
040511000415,Food,Vegetable,From_Kiani1000,Food/Vegetable/040511000415.png
010511300416,Food,Zongzi,From_Bing,Food/Zongzi/010511300416.png
010511300417,Food,Zongzi,From_Bing,Food/Zongzi/010511300417.png
010511300418,Food,Zongzi,From_Bing,Food/Zongzi/010511300418.png
010511300419,Food,Zongzi,From_Bing,Food/Zongzi/010511300419.png
010511300420,Food,Zongzi,From_Bing,Food/Zongzi/010511300420.png
010511300421,Food,Zongzi,From_Bing,Food/Zongzi/010511300421.png
010511300422,Food,Zongzi,From_Bing,Food/Zongzi/010511300422.png
010511300423,Food,Zongzi,From_Bing,Food/Zongzi/010511300423.png
010511300424,Food,Zongzi,From_Bing,Food/Zongzi/010511300424.png
010511300425,Food,Zongzi,From_Bing,Food/Zongzi/010511300425.png
010113802562,Human,Cartoon Human,From_Bing,Human/Cartoon Human/010113802562.png
010113802563,Human,Cartoon Human,From_Bing,Human/Cartoon Human/010113802563.png
010113802564,Human,Cartoon Human,From_Bing,Human/Cartoon Human/010113802564.png
010113802565,Human,Cartoon Human,From_Bing,Human/Cartoon Human/010113802565.png
010113802566,Human,Cartoon Human,From_Bing,Human/Cartoon Human/010113802566.png
010113802567,Human,Cartoon Human,From_Bing,Human/Cartoon Human/010113802567.png
010113802568,Human,Cartoon Human,From_Bing,Human/Cartoon Human/010113802568.png
010113802569,Human,Cartoon Human,From_Bing,Human/Cartoon Human/010113802569.png
010113802570,Human,Cartoon Human,From_Bing,Human/Cartoon Human/010113802570.png
010113802571,Human,Cartoon Human,From_Bing,Human/Cartoon Human/010113802571.png
010113802572,Human,Cartoon Human,From_Bing,Human/Cartoon Human/010113802572.png
010113802573,Human,Cartoon Human,From_Bing,Human/Cartoon Human/010113802573.png
010113802574,Human,Cartoon Human,From_Bing,Human/Cartoon Human/010113802574.png
010113802575,Human,Cartoon Human,From_Bing,Human/Cartoon Human/010113802575.png
010113802576,Human,Cartoon Human,From_Bing,Human/Cartoon Human/010113802576.png
010113802577,Human,Cartoon Human,From_Bing,Human/Cartoon Human/010113802577.png
010113802578,Human,Cartoon Human,From_Bing,Human/Cartoon Human/010113802578.png
010113802579,Human,Cartoon Human,From_Bing,Human/Cartoon Human/010113802579.png
010102400426,Human,Children,From_Bing,Human/Children/010102400426.png
010102400427,Human,Children,From_Bing,Human/Children/010102400427.png
010102400428,Human,Children,From_Bing,Human/Children/010102400428.png
010102400429,Human,Children,From_Bing,Human/Children/010102400429.png
010102400430,Human,Children,From_Bing,Human/Children/010102400430.png
020102400431,Human,Children,From_Pixbay,Human/Children/020102400431.png
020102400432,Human,Children,From_Pixbay,Human/Children/020102400432.png
020102400433,Human,Children,From_Pixbay,Human/Children/020102400433.png
020102400434,Human,Children,From_Pixbay,Human/Children/020102400434.png
020102400435,Human,Children,From_Pixbay,Human/Children/020102400435.png
010102400436,Human,Children,From_Bing,Human/Children/010102400436.png
010102400437,Human,Children,From_Bing,Human/Children/010102400437.png
010102400438,Human,Children,From_Bing,Human/Children/010102400438.png
010102402075,Human,Children,From_Bing,Human/Children/010102402075.png
010102402076,Human,Children,From_Bing,Human/Children/010102402076.png
010102402077,Human,Children,From_Bing,Human/Children/010102402077.png
010102402078,Human,Children,From_Bing,Human/Children/010102402078.png
010102402079,Human,Children,From_Bing,Human/Children/010102402079.png
010102402080,Human,Children,From_Bing,Human/Children/010102402080.png
010102402081,Human,Children,From_Bing,Human/Children/010102402081.png
010102402082,Human,Children,From_Bing,Human/Children/010102402082.png
010102402083,Human,Children,From_Bing,Human/Children/010102402083.png
010102402084,Human,Children,From_Bing,Human/Children/010102402084.png
010102402085,Human,Children,From_Bing,Human/Children/010102402085.png
010102402086,Human,Children,From_Bing,Human/Children/010102402086.png
010102402087,Human,Children,From_Bing,Human/Children/010102402087.png
010102402088,Human,Children,From_Bing,Human/Children/010102402088.png
010102402089,Human,Children,From_Bing,Human/Children/010102402089.png
010102402090,Human,Children,From_Bing,Human/Children/010102402090.png
050102402091,Human,Children,From_Baidu,Human/Children/050102402091.png
050102402092,Human,Children,From_Baidu,Human/Children/050102402092.png
050102402093,Human,Children,From_Baidu,Human/Children/050102402093.png
050102402094,Human,Children,From_Baidu,Human/Children/050102402094.png
050102402095,Human,Children,From_Baidu,Human/Children/050102402095.png
050102402096,Human,Children,From_Baidu,Human/Children/050102402096.png
050102402097,Human,Children,From_Baidu,Human/Children/050102402097.png
050102402098,Human,Children,From_Baidu,Human/Children/050102402098.png
050102402099,Human,Children,From_Baidu,Human/Children/050102402099.png
050102402100,Human,Children,From_Baidu,Human/Children/050102402100.png
050102402101,Human,Children,From_Baidu,Human/Children/050102402101.png
050102402102,Human,Children,From_Baidu,Human/Children/050102402102.png
050102402103,Human,Children,From_Baidu,Human/Children/050102402103.png
050102402104,Human,Children,From_Baidu,Human/Children/050102402104.png
050102402105,Human,Children,From_Baidu,Human/Children/050102402105.png
010103500439,Human,Female,From_Bing,Human/Female/010103500439.png
010103500440,Human,Female,From_Bing,Human/Female/010103500440.png
010103500441,Human,Female,From_Bing,Human/Female/010103500441.png
010103500442,Human,Female,From_Bing,Human/Female/010103500442.png
010103500443,Human,Female,From_Bing,Human/Female/010103500443.png
010103500444,Human,Female,From_Bing,Human/Female/010103500444.png
010103500445,Human,Female,From_Bing,Human/Female/010103500445.png
010103500446,Human,Female,From_Bing,Human/Female/010103500446.png
010103500447,Human,Female,From_Bing,Human/Female/010103500447.png
010103500448,Human,Female,From_Bing,Human/Female/010103500448.png
010103500449,Human,Female,From_Bing,Human/Female/010103500449.png
010103500450,Human,Female,From_Bing,Human/Female/010103500450.png
010103500451,Human,Female,From_Bing,Human/Female/010103500451.png
010103500452,Human,Female,From_Bing,Human/Female/010103500452.png
010103500453,Human,Female,From_Bing,Human/Female/010103500453.png
010103500454,Human,Female,From_Bing,Human/Female/010103500454.png
010103500455,Human,Female,From_Bing,Human/Female/010103500455.png
010103500456,Human,Female,From_Bing,Human/Female/010103500456.png
010103500457,Human,Female,From_Bing,Human/Female/010103500457.png
010103500458,Human,Female,From_Bing,Human/Female/010103500458.png
010103500459,Human,Female,From_Bing,Human/Female/010103500459.png
010103500460,Human,Female,From_Bing,Human/Female/010103500460.png
010103500461,Human,Female,From_Bing,Human/Female/010103500461.png
010103500462,Human,Female,From_Bing,Human/Female/010103500462.png
010103500463,Human,Female,From_Bing,Human/Female/010103500463.png
010103500464,Human,Female,From_Bing,Human/Female/010103500464.png
010103500465,Human,Female,From_Bing,Human/Female/010103500465.png
010103500466,Human,Female,From_Bing,Human/Female/010103500466.png
010103500467,Human,Female,From_Bing,Human/Female/010103500467.png
010103500468,Human,Female,From_Bing,Human/Female/010103500468.png
010103500469,Human,Female,From_Bing,Human/Female/010103500469.png
010103500470,Human,Female,From_Bing,Human/Female/010103500470.png
010103500471,Human,Female,From_Bing,Human/Female/010103500471.png
010103500472,Human,Female,From_Bing,Human/Female/010103500472.png
010103500473,Human,Female,From_Bing,Human/Female/010103500473.png
010103500474,Human,Female,From_Bing,Human/Female/010103500474.png
010103500475,Human,Female,From_Bing,Human/Female/010103500475.png
010103500476,Human,Female,From_Bing,Human/Female/010103500476.png
010103500477,Human,Female,From_Bing,Human/Female/010103500477.png
010103500478,Human,Female,From_Bing,Human/Female/010103500478.png
010103500479,Human,Female,From_Bing,Human/Female/010103500479.png
010103500480,Human,Female,From_Bing,Human/Female/010103500480.png
010103500481,Human,Female,From_Bing,Human/Female/010103500481.png
010103500482,Human,Female,From_Bing,Human/Female/010103500482.png
010103500483,Human,Female,From_Bing,Human/Female/010103500483.png
010103500484,Human,Female,From_Bing,Human/Female/010103500484.png
010103500485,Human,Female,From_Bing,Human/Female/010103500485.png
010103500486,Human,Female,From_Bing,Human/Female/010103500486.png
010103500487,Human,Female,From_Bing,Human/Female/010103500487.png
010103500488,Human,Female,From_Bing,Human/Female/010103500488.png
010103500489,Human,Female,From_Bing,Human/Female/010103500489.png
010103500490,Human,Female,From_Bing,Human/Female/010103500490.png
010103500491,Human,Female,From_Bing,Human/Female/010103500491.png
010103500492,Human,Female,From_Bing,Human/Female/010103500492.png
010103500493,Human,Female,From_Bing,Human/Female/010103500493.png
010103500494,Human,Female,From_Bing,Human/Female/010103500494.png
010103500495,Human,Female,From_Bing,Human/Female/010103500495.png
010103500496,Human,Female,From_Bing,Human/Female/010103500496.png
010103500497,Human,Female,From_Bing,Human/Female/010103500497.png
010103500498,Human,Female,From_Bing,Human/Female/010103500498.png
010103500499,Human,Female,From_Bing,Human/Female/010103500499.png
010103500500,Human,Female,From_Bing,Human/Female/010103500500.png
010103500501,Human,Female,From_Bing,Human/Female/010103500501.png
010103500502,Human,Female,From_Bing,Human/Female/010103500502.png
010103500503,Human,Female,From_Bing,Human/Female/010103500503.png
010103500504,Human,Female,From_Bing,Human/Female/010103500504.png
010103500505,Human,Female,From_Bing,Human/Female/010103500505.png
010103500506,Human,Female,From_Bing,Human/Female/010103500506.png
010103500507,Human,Female,From_Bing,Human/Female/010103500507.png
010103500508,Human,Female,From_Bing,Human/Female/010103500508.png
010103500509,Human,Female,From_Bing,Human/Female/010103500509.png
010103500510,Human,Female,From_Bing,Human/Female/010103500510.png
010103500511,Human,Female,From_Bing,Human/Female/010103500511.png
010103500512,Human,Female,From_Bing,Human/Female/010103500512.png
010103500513,Human,Female,From_Bing,Human/Female/010103500513.png
010103500514,Human,Female,From_Bing,Human/Female/010103500514.png
010103500515,Human,Female,From_Bing,Human/Female/010103500515.png
010103500516,Human,Female,From_Bing,Human/Female/010103500516.png
010103500517,Human,Female,From_Bing,Human/Female/010103500517.png
010103500518,Human,Female,From_Bing,Human/Female/010103500518.png
010103500519,Human,Female,From_Bing,Human/Female/010103500519.png
010103500520,Human,Female,From_Bing,Human/Female/010103500520.png
010103500521,Human,Female,From_Bing,Human/Female/010103500521.png
010103500522,Human,Female,From_Bing,Human/Female/010103500522.png
010103500523,Human,Female,From_Bing,Human/Female/010103500523.png
010103500524,Human,Female,From_Bing,Human/Female/010103500524.png
010103500525,Human,Female,From_Bing,Human/Female/010103500525.png
010103500526,Human,Female,From_Bing,Human/Female/010103500526.png
010103500527,Human,Female,From_Bing,Human/Female/010103500527.png
010103500528,Human,Female,From_Bing,Human/Female/010103500528.png
010103500529,Human,Female,From_Bing,Human/Female/010103500529.png
010103500530,Human,Female,From_Bing,Human/Female/010103500530.png
010103500531,Human,Female,From_Bing,Human/Female/010103500531.png
020103500532,Human,Female,From_Pixbay,Human/Female/020103500532.png
020103500533,Human,Female,From_Pixbay,Human/Female/020103500533.png
020103500534,Human,Female,From_Pixbay,Human/Female/020103500534.png
020103500535,Human,Female,From_Pixbay,Human/Female/020103500535.png
020103500536,Human,Female,From_Pixbay,Human/Female/020103500536.png
020103500537,Human,Female,From_Pixbay,Human/Female/020103500537.png
020103500538,Human,Female,From_Pixbay,Human/Female/020103500538.png
020103500539,Human,Female,From_Pixbay,Human/Female/020103500539.png
020103500540,Human,Female,From_Pixbay,Human/Female/020103500540.png
020103500541,Human,Female,From_Pixbay,Human/Female/020103500541.png
020103500542,Human,Female,From_Pixbay,Human/Female/020103500542.png
020103500543,Human,Female,From_Pixbay,Human/Female/020103500543.png
020103500544,Human,Female,From_Pixbay,Human/Female/020103500544.png
020103500545,Human,Female,From_Pixbay,Human/Female/020103500545.png
020103500546,Human,Female,From_Pixbay,Human/Female/020103500546.png
020103500547,Human,Female,From_Pixbay,Human/Female/020103500547.png
020103500548,Human,Female,From_Pixbay,Human/Female/020103500548.png
020103500549,Human,Female,From_Pixbay,Human/Female/020103500549.png
020103500550,Human,Female,From_Pixbay,Human/Female/020103500550.png
020103500551,Human,Female,From_Pixbay,Human/Female/020103500551.png
020103500552,Human,Female,From_Pixbay,Human/Female/020103500552.png
020103500553,Human,Female,From_Pixbay,Human/Female/020103500553.png
020103500554,Human,Female,From_Pixbay,Human/Female/020103500554.png
020103500555,Human,Female,From_Pixbay,Human/Female/020103500555.png
020103500556,Human,Female,From_Pixbay,Human/Female/020103500556.png
020103500557,Human,Female,From_Pixbay,Human/Female/020103500557.png
020103500558,Human,Female,From_Pixbay,Human/Female/020103500558.png
020103500559,Human,Female,From_Pixbay,Human/Female/020103500559.png
020103500560,Human,Female,From_Pixbay,Human/Female/020103500560.png
020103500561,Human,Female,From_Pixbay,Human/Female/020103500561.png
020103500562,Human,Female,From_Pixbay,Human/Female/020103500562.png
020103500563,Human,Female,From_Pixbay,Human/Female/020103500563.png
020103500564,Human,Female,From_Pixbay,Human/Female/020103500564.png
020103500565,Human,Female,From_Pixbay,Human/Female/020103500565.png
020103500566,Human,Female,From_Pixbay,Human/Female/020103500566.png
020103500567,Human,Female,From_Pixbay,Human/Female/020103500567.png
020103500568,Human,Female,From_Pixbay,Human/Female/020103500568.png
020103500569,Human,Female,From_Pixbay,Human/Female/020103500569.png
020103500570,Human,Female,From_Pixbay,Human/Female/020103500570.png
020103500571,Human,Female,From_Pixbay,Human/Female/020103500571.png
020103500572,Human,Female,From_Pixbay,Human/Female/020103500572.png
020103500573,Human,Female,From_Pixbay,Human/Female/020103500573.png
020103500574,Human,Female,From_Pixbay,Human/Female/020103500574.png
020103500575,Human,Female,From_Pixbay,Human/Female/020103500575.png
040103500576,Human,Female,From_Kiani1000,Human/Female/040103500576.png
040103500577,Human,Female,From_Kiani1000,Human/Female/040103500577.png
040103500578,Human,Female,From_Kiani1000,Human/Female/040103500578.png
010105500579,Human,Male,From_Bing,Human/Male/010105500579.png
010105500580,Human,Male,From_Bing,Human/Male/010105500580.png
010105500581,Human,Male,From_Bing,Human/Male/010105500581.png
010105500582,Human,Male,From_Bing,Human/Male/010105500582.png
010105500583,Human,Male,From_Bing,Human/Male/010105500583.png
010105500584,Human,Male,From_Bing,Human/Male/010105500584.png
010105500585,Human,Male,From_Bing,Human/Male/010105500585.png
010105500586,Human,Male,From_Bing,Human/Male/010105500586.png
010105500587,Human,Male,From_Bing,Human/Male/010105500587.png
010105500588,Human,Male,From_Bing,Human/Male/010105500588.png
010105500589,Human,Male,From_Bing,Human/Male/010105500589.png
010105500590,Human,Male,From_Bing,Human/Male/010105500590.png
010105500591,Human,Male,From_Bing,Human/Male/010105500591.png
010105500592,Human,Male,From_Bing,Human/Male/010105500592.png
010105500593,Human,Male,From_Bing,Human/Male/010105500593.png
010105500594,Human,Male,From_Bing,Human/Male/010105500594.png
010105500595,Human,Male,From_Bing,Human/Male/010105500595.png
010105500596,Human,Male,From_Bing,Human/Male/010105500596.png
010105500597,Human,Male,From_Bing,Human/Male/010105500597.png
010105500598,Human,Male,From_Bing,Human/Male/010105500598.png
010105500599,Human,Male,From_Bing,Human/Male/010105500599.png
010105500600,Human,Male,From_Bing,Human/Male/010105500600.png
010105500601,Human,Male,From_Bing,Human/Male/010105500601.png
010105500602,Human,Male,From_Bing,Human/Male/010105500602.png
010105500603,Human,Male,From_Bing,Human/Male/010105500603.png
010105500604,Human,Male,From_Bing,Human/Male/010105500604.png
010105500605,Human,Male,From_Bing,Human/Male/010105500605.png
010105500606,Human,Male,From_Bing,Human/Male/010105500606.png
010105500607,Human,Male,From_Bing,Human/Male/010105500607.png
020105500609,Human,Male,From_Pixbay,Human/Male/020105500609.png
020105500610,Human,Male,From_Pixbay,Human/Male/020105500610.png
020105500613,Human,Male,From_Pixbay,Human/Male/020105500613.png
020105500614,Human,Male,From_Pixbay,Human/Male/020105500614.png
020105500628,Human,Male,From_Pixbay,Human/Male/020105500628.png
020105500631,Human,Male,From_Pixbay,Human/Male/020105500631.png
020105500632,Human,Male,From_Pixbay,Human/Male/020105500632.png
020105500639,Human,Male,From_Pixbay,Human/Male/020105500639.png
020105500647,Human,Male,From_Pixbay,Human/Male/020105500647.png
040105500651,Human,Male,From_Kiani1000,Human/Male/040105500651.png
040105500652,Human,Male,From_Kiani1000,Human/Male/040105500652.png
040105500653,Human,Male,From_Kiani1000,Human/Male/040105500653.png
011213102485,Insect,Unclassified Insect,From_Bing,Insect/Unclassified Insect/011213102485.png
011213102486,Insect,Unclassified Insect,From_Bing,Insect/Unclassified Insect/011213102486.png
011213102487,Insect,Unclassified Insect,From_Bing,Insect/Unclassified Insect/011213102487.png
011213102488,Insect,Unclassified Insect,From_Bing,Insect/Unclassified Insect/011213102488.png
011213102489,Insect,Unclassified Insect,From_Bing,Insect/Unclassified Insect/011213102489.png
011213102490,Insect,Unclassified Insect,From_Bing,Insect/Unclassified Insect/011213102490.png
011213102491,Insect,Unclassified Insect,From_Bing,Insect/Unclassified Insect/011213102491.png
011213102492,Insect,Unclassified Insect,From_Bing,Insect/Unclassified Insect/011213102492.png
011213102493,Insect,Unclassified Insect,From_Bing,Insect/Unclassified Insect/011213102493.png
011213102494,Insect,Unclassified Insect,From_Bing,Insect/Unclassified Insect/011213102494.png
011213102495,Insect,Unclassified Insect,From_Bing,Insect/Unclassified Insect/011213102495.png
011213102496,Insect,Unclassified Insect,From_Bing,Insect/Unclassified Insect/011213102496.png
011213102497,Insect,Unclassified Insect,From_Bing,Insect/Unclassified Insect/011213102497.png
011213102498,Insect,Unclassified Insect,From_Bing,Insect/Unclassified Insect/011213102498.png
011213102499,Insect,Unclassified Insect,From_Bing,Insect/Unclassified Insect/011213102499.png
011213102500,Insect,Unclassified Insect,From_Bing,Insect/Unclassified Insect/011213102500.png
011213102501,Insect,Unclassified Insect,From_Bing,Insect/Unclassified Insect/011213102501.png
011213102502,Insect,Unclassified Insect,From_Bing,Insect/Unclassified Insect/011213102502.png
011213102503,Insect,Unclassified Insect,From_Bing,Insect/Unclassified Insect/011213102503.png
011213102505,Insect,Unclassified Insect,From_Bing,Insect/Unclassified Insect/011213102505.png
010311702337,Mammal,Alpaca,From_Bing,Mammal/Alpaca/010311702337.png
010311702338,Mammal,Alpaca,From_Bing,Mammal/Alpaca/010311702338.png
010311702339,Mammal,Alpaca,From_Bing,Mammal/Alpaca/010311702339.png
010311702340,Mammal,Alpaca,From_Bing,Mammal/Alpaca/010311702340.png
010311702341,Mammal,Alpaca,From_Bing,Mammal/Alpaca/010311702341.png
010311702342,Mammal,Alpaca,From_Bing,Mammal/Alpaca/010311702342.png
010311702343,Mammal,Alpaca,From_Bing,Mammal/Alpaca/010311702343.png
010311702344,Mammal,Alpaca,From_Bing,Mammal/Alpaca/010311702344.png
010311702345,Mammal,Alpaca,From_Bing,Mammal/Alpaca/010311702345.png
010311702346,Mammal,Alpaca,From_Bing,Mammal/Alpaca/010311702346.png
010311702347,Mammal,Alpaca,From_Bing,Mammal/Alpaca/010311702347.png
010311702348,Mammal,Alpaca,From_Bing,Mammal/Alpaca/010311702348.png
010311702349,Mammal,Alpaca,From_Bing,Mammal/Alpaca/010311702349.png
010311702350,Mammal,Alpaca,From_Bing,Mammal/Alpaca/010311702350.png
010311702351,Mammal,Alpaca,From_Bing,Mammal/Alpaca/010311702351.png
010311702352,Mammal,Alpaca,From_Bing,Mammal/Alpaca/010311702352.png
010311702353,Mammal,Alpaca,From_Bing,Mammal/Alpaca/010311702353.png
010311702354,Mammal,Alpaca,From_Bing,Mammal/Alpaca/010311702354.png
010311702355,Mammal,Alpaca,From_Bing,Mammal/Alpaca/010311702355.png
010311702356,Mammal,Alpaca,From_Bing,Mammal/Alpaca/010311702356.png
010311702357,Mammal,Alpaca,From_Bing,Mammal/Alpaca/010311702357.png
010311702358,Mammal,Alpaca,From_Bing,Mammal/Alpaca/010311702358.png
010311702359,Mammal,Alpaca,From_Bing,Mammal/Alpaca/010311702359.png
010311702360,Mammal,Alpaca,From_Bing,Mammal/Alpaca/010311702360.png
010311702361,Mammal,Alpaca,From_Bing,Mammal/Alpaca/010311702361.png
010311702362,Mammal,Alpaca,From_Bing,Mammal/Alpaca/010311702362.png
010311702363,Mammal,Alpaca,From_Bing,Mammal/Alpaca/010311702363.png
010311702364,Mammal,Alpaca,From_Bing,Mammal/Alpaca/010311702364.png
010311702365,Mammal,Alpaca,From_Bing,Mammal/Alpaca/010311702365.png
010311702366,Mammal,Alpaca,From_Bing,Mammal/Alpaca/010311702366.png
010311702367,Mammal,Alpaca,From_Bing,Mammal/Alpaca/010311702367.png
010311702368,Mammal,Alpaca,From_Bing,Mammal/Alpaca/010311702368.png
010311702369,Mammal,Alpaca,From_Bing,Mammal/Alpaca/010311702369.png
010311702370,Mammal,Alpaca,From_Bing,Mammal/Alpaca/010311702370.png
010311702371,Mammal,Alpaca,From_Bing,Mammal/Alpaca/010311702371.png
010300100654,Mammal,Anteater,From_Bing,Mammal/Anteater/010300100654.png
010300100655,Mammal,Anteater,From_Bing,Mammal/Anteater/010300100655.png
010300100656,Mammal,Anteater,From_Bing,Mammal/Anteater/010300100656.png
010300100657,Mammal,Anteater,From_Bing,Mammal/Anteater/010300100657.png
010300100658,Mammal,Anteater,From_Bing,Mammal/Anteater/010300100658.png
010300100659,Mammal,Anteater,From_Bing,Mammal/Anteater/010300100659.png
010300100660,Mammal,Anteater,From_Bing,Mammal/Anteater/010300100660.png
010300400711,Mammal,Bear,From_Bing,Mammal/Bear/010300400711.png
010300400713,Mammal,Bear,From_Bing,Mammal/Bear/010300400713.png
010300400714,Mammal,Bear,From_Bing,Mammal/Bear/010300400714.png
010300400715,Mammal,Bear,From_Bing,Mammal/Bear/010300400715.png
020300400717,Mammal,Bear,From_Pixbay,Mammal/Bear/020300400717.png
020300400720,Mammal,Bear,From_Pixbay,Mammal/Bear/020300400720.png
020300400721,Mammal,Bear,From_Pixbay,Mammal/Bear/020300400721.png
020300400722,Mammal,Bear,From_Pixbay,Mammal/Bear/020300400722.png
020300400723,Mammal,Bear,From_Pixbay,Mammal/Bear/020300400723.png
020300400725,Mammal,Bear,From_Pixbay,Mammal/Bear/020300400725.png
010300402468,Mammal,Bear,From_Bing,Mammal/Bear/010300402468.png
010300402469,Mammal,Bear,From_Bing,Mammal/Bear/010300402469.png
010300402470,Mammal,Bear,From_Bing,Mammal/Bear/010300402470.png
010300402471,Mammal,Bear,From_Bing,Mammal/Bear/010300402471.png
010300402472,Mammal,Bear,From_Bing,Mammal/Bear/010300402472.png
010300402473,Mammal,Bear,From_Bing,Mammal/Bear/010300402473.png
010300402474,Mammal,Bear,From_Bing,Mammal/Bear/010300402474.png
010300402475,Mammal,Bear,From_Bing,Mammal/Bear/010300402475.png
010314002580,Mammal,Cartoon Mammal,From_Bing,Mammal/Cartoon Mammal/010314002580.png
010314002581,Mammal,Cartoon Mammal,From_Bing,Mammal/Cartoon Mammal/010314002581.png
010314002582,Mammal,Cartoon Mammal,From_Bing,Mammal/Cartoon Mammal/010314002582.png
010314002583,Mammal,Cartoon Mammal,From_Bing,Mammal/Cartoon Mammal/010314002583.png
010314002584,Mammal,Cartoon Mammal,From_Bing,Mammal/Cartoon Mammal/010314002584.png
010314002585,Mammal,Cartoon Mammal,From_Bing,Mammal/Cartoon Mammal/010314002585.png
010314002586,Mammal,Cartoon Mammal,From_Bing,Mammal/Cartoon Mammal/010314002586.png
010314002587,Mammal,Cartoon Mammal,From_Bing,Mammal/Cartoon Mammal/010314002587.png
010314002588,Mammal,Cartoon Mammal,From_Bing,Mammal/Cartoon Mammal/010314002588.png
010314002589,Mammal,Cartoon Mammal,From_Bing,Mammal/Cartoon Mammal/010314002589.png
010314002590,Mammal,Cartoon Mammal,From_Bing,Mammal/Cartoon Mammal/010314002590.png
010314002591,Mammal,Cartoon Mammal,From_Bing,Mammal/Cartoon Mammal/010314002591.png
010314002592,Mammal,Cartoon Mammal,From_Bing,Mammal/Cartoon Mammal/010314002592.png
010314002593,Mammal,Cartoon Mammal,From_Bing,Mammal/Cartoon Mammal/010314002593.png
010314002594,Mammal,Cartoon Mammal,From_Bing,Mammal/Cartoon Mammal/010314002594.png
010314002595,Mammal,Cartoon Mammal,From_Bing,Mammal/Cartoon Mammal/010314002595.png
010314002596,Mammal,Cartoon Mammal,From_Bing,Mammal/Cartoon Mammal/010314002596.png
010314002597,Mammal,Cartoon Mammal,From_Bing,Mammal/Cartoon Mammal/010314002597.png
010314002598,Mammal,Cartoon Mammal,From_Bing,Mammal/Cartoon Mammal/010314002598.png
010314002599,Mammal,Cartoon Mammal,From_Bing,Mammal/Cartoon Mammal/010314002599.png
010314002600,Mammal,Cartoon Mammal,From_Bing,Mammal/Cartoon Mammal/010314002600.png
010314002601,Mammal,Cartoon Mammal,From_Bing,Mammal/Cartoon Mammal/010314002601.png
010314002602,Mammal,Cartoon Mammal,From_Bing,Mammal/Cartoon Mammal/010314002602.png
010314002603,Mammal,Cartoon Mammal,From_Bing,Mammal/Cartoon Mammal/010314002603.png
010314002604,Mammal,Cartoon Mammal,From_Bing,Mammal/Cartoon Mammal/010314002604.png
010314002605,Mammal,Cartoon Mammal,From_Bing,Mammal/Cartoon Mammal/010314002605.png
010314002606,Mammal,Cartoon Mammal,From_Bing,Mammal/Cartoon Mammal/010314002606.png
020301800769,Mammal,Cat,From_Pixbay,Mammal/Cat/020301800769.png
020301800771,Mammal,Cat,From_Pixbay,Mammal/Cat/020301800771.png
020301800772,Mammal,Cat,From_Pixbay,Mammal/Cat/020301800772.png
020301800773,Mammal,Cat,From_Pixbay,Mammal/Cat/020301800773.png
020301800775,Mammal,Cat,From_Pixbay,Mammal/Cat/020301800775.png
020301800776,Mammal,Cat,From_Pixbay,Mammal/Cat/020301800776.png
020301800777,Mammal,Cat,From_Pixbay,Mammal/Cat/020301800777.png
020301800778,Mammal,Cat,From_Pixbay,Mammal/Cat/020301800778.png
020301800780,Mammal,Cat,From_Pixbay,Mammal/Cat/020301800780.png
020301800781,Mammal,Cat,From_Pixbay,Mammal/Cat/020301800781.png
020301800782,Mammal,Cat,From_Pixbay,Mammal/Cat/020301800782.png
020301800783,Mammal,Cat,From_Pixbay,Mammal/Cat/020301800783.png
020301800784,Mammal,Cat,From_Pixbay,Mammal/Cat/020301800784.png
040301800785,Mammal,Cat,From_Kiani1000,Mammal/Cat/040301800785.png
010301802217,Mammal,Cat,From_Bing,Mammal/Cat/010301802217.png
010301802218,Mammal,Cat,From_Bing,Mammal/Cat/010301802218.png
010301802219,Mammal,Cat,From_Bing,Mammal/Cat/010301802219.png
010301802220,Mammal,Cat,From_Bing,Mammal/Cat/010301802220.png
010301802221,Mammal,Cat,From_Bing,Mammal/Cat/010301802221.png
010301802222,Mammal,Cat,From_Bing,Mammal/Cat/010301802222.png
010301802223,Mammal,Cat,From_Bing,Mammal/Cat/010301802223.png
010301802224,Mammal,Cat,From_Bing,Mammal/Cat/010301802224.png
010301802225,Mammal,Cat,From_Bing,Mammal/Cat/010301802225.png
010301802226,Mammal,Cat,From_Bing,Mammal/Cat/010301802226.png
010301802227,Mammal,Cat,From_Bing,Mammal/Cat/010301802227.png
010301802228,Mammal,Cat,From_Bing,Mammal/Cat/010301802228.png
010301802229,Mammal,Cat,From_Bing,Mammal/Cat/010301802229.png
010301802230,Mammal,Cat,From_Bing,Mammal/Cat/010301802230.png
010301802231,Mammal,Cat,From_Bing,Mammal/Cat/010301802231.png
010301802232,Mammal,Cat,From_Bing,Mammal/Cat/010301802232.png
010301802233,Mammal,Cat,From_Bing,Mammal/Cat/010301802233.png
010301802234,Mammal,Cat,From_Bing,Mammal/Cat/010301802234.png
010301802235,Mammal,Cat,From_Bing,Mammal/Cat/010301802235.png
010301802236,Mammal,Cat,From_Bing,Mammal/Cat/010301802236.png
010301802237,Mammal,Cat,From_Bing,Mammal/Cat/010301802237.png
010301802238,Mammal,Cat,From_Bing,Mammal/Cat/010301802238.png
010301802239,Mammal,Cat,From_Bing,Mammal/Cat/010301802239.png
010301802240,Mammal,Cat,From_Bing,Mammal/Cat/010301802240.png
010301802241,Mammal,Cat,From_Bing,Mammal/Cat/010301802241.png
010301802242,Mammal,Cat,From_Bing,Mammal/Cat/010301802242.png
010301802243,Mammal,Cat,From_Bing,Mammal/Cat/010301802243.png
010301802244,Mammal,Cat,From_Bing,Mammal/Cat/010301802244.png
010301802245,Mammal,Cat,From_Bing,Mammal/Cat/010301802245.png
010301802246,Mammal,Cat,From_Bing,Mammal/Cat/010301802246.png
010301802247,Mammal,Cat,From_Bing,Mammal/Cat/010301802247.png
010301802248,Mammal,Cat,From_Bing,Mammal/Cat/010301802248.png
010301802249,Mammal,Cat,From_Bing,Mammal/Cat/010301802249.png
010301802250,Mammal,Cat,From_Bing,Mammal/Cat/010301802250.png
010301802251,Mammal,Cat,From_Bing,Mammal/Cat/010301802251.png
010301802252,Mammal,Cat,From_Bing,Mammal/Cat/010301802252.png
010301802253,Mammal,Cat,From_Bing,Mammal/Cat/010301802253.png
010301802254,Mammal,Cat,From_Bing,Mammal/Cat/010301802254.png
010301802255,Mammal,Cat,From_Bing,Mammal/Cat/010301802255.png
010311802372,Mammal,Deer,From_Bing,Mammal/Deer/010311802372.png
020302900787,Mammal,Dog,From_Pixbay,Mammal/Dog/020302900787.png
020302900788,Mammal,Dog,From_Pixbay,Mammal/Dog/020302900788.png
020302900790,Mammal,Dog,From_Pixbay,Mammal/Dog/020302900790.png
020302900791,Mammal,Dog,From_Pixbay,Mammal/Dog/020302900791.png
020302900792,Mammal,Dog,From_Pixbay,Mammal/Dog/020302900792.png
020302900794,Mammal,Dog,From_Pixbay,Mammal/Dog/020302900794.png
020302900795,Mammal,Dog,From_Pixbay,Mammal/Dog/020302900795.png
020302900796,Mammal,Dog,From_Pixbay,Mammal/Dog/020302900796.png
020302900797,Mammal,Dog,From_Pixbay,Mammal/Dog/020302900797.png
020302900798,Mammal,Dog,From_Pixbay,Mammal/Dog/020302900798.png
020302900799,Mammal,Dog,From_Pixbay,Mammal/Dog/020302900799.png
020302900803,Mammal,Dog,From_Pixbay,Mammal/Dog/020302900803.png
020302900804,Mammal,Dog,From_Pixbay,Mammal/Dog/020302900804.png
020302900805,Mammal,Dog,From_Pixbay,Mammal/Dog/020302900805.png
020302900806,Mammal,Dog,From_Pixbay,Mammal/Dog/020302900806.png
040302900807,Mammal,Dog,From_Kiani1000,Mammal/Dog/040302900807.png
040302900808,Mammal,Dog,From_Kiani1000,Mammal/Dog/040302900808.png
040302900809,Mammal,Dog,From_Kiani1000,Mammal/Dog/040302900809.png
010302902267,Mammal,Dog,From_Bing,Mammal/Dog/010302902267.png
010302902268,Mammal,Dog,From_Bing,Mammal/Dog/010302902268.png
010302902269,Mammal,Dog,From_Bing,Mammal/Dog/010302902269.png
010302902270,Mammal,Dog,From_Bing,Mammal/Dog/010302902270.png
010302902271,Mammal,Dog,From_Bing,Mammal/Dog/010302902271.png
010302902272,Mammal,Dog,From_Bing,Mammal/Dog/010302902272.png
010302902273,Mammal,Dog,From_Bing,Mammal/Dog/010302902273.png
010302902274,Mammal,Dog,From_Bing,Mammal/Dog/010302902274.png
010302902275,Mammal,Dog,From_Bing,Mammal/Dog/010302902275.png
010302902276,Mammal,Dog,From_Bing,Mammal/Dog/010302902276.png
010302902277,Mammal,Dog,From_Bing,Mammal/Dog/010302902277.png
010302902278,Mammal,Dog,From_Bing,Mammal/Dog/010302902278.png
010302902279,Mammal,Dog,From_Bing,Mammal/Dog/010302902279.png
010302902280,Mammal,Dog,From_Bing,Mammal/Dog/010302902280.png
010302902281,Mammal,Dog,From_Bing,Mammal/Dog/010302902281.png
010302902283,Mammal,Dog,From_Bing,Mammal/Dog/010302902283.png
010302902284,Mammal,Dog,From_Bing,Mammal/Dog/010302902284.png
010302902285,Mammal,Dog,From_Bing,Mammal/Dog/010302902285.png
010302902286,Mammal,Dog,From_Bing,Mammal/Dog/010302902286.png
010302902325,Mammal,Dog,From_Bing,Mammal/Dog/010302902325.png
010302902326,Mammal,Dog,From_Bing,Mammal/Dog/010302902326.png
010302902327,Mammal,Dog,From_Bing,Mammal/Dog/010302902327.png
010302902328,Mammal,Dog,From_Bing,Mammal/Dog/010302902328.png
010302902329,Mammal,Dog,From_Bing,Mammal/Dog/010302902329.png
010302902330,Mammal,Dog,From_Bing,Mammal/Dog/010302902330.png
010302902331,Mammal,Dog,From_Bing,Mammal/Dog/010302902331.png
010302902332,Mammal,Dog,From_Bing,Mammal/Dog/010302902332.png
010311902373,Mammal,Donkey,From_Bing,Mammal/Donkey/010311902373.png
020303800850,Mammal,Fox,From_Pixbay,Mammal/Fox/020303800850.png
020303800851,Mammal,Fox,From_Pixbay,Mammal/Fox/020303800851.png
020303800852,Mammal,Fox,From_Pixbay,Mammal/Fox/020303800852.png
020303800853,Mammal,Fox,From_Pixbay,Mammal/Fox/020303800853.png
020303800854,Mammal,Fox,From_Pixbay,Mammal/Fox/020303800854.png
020303800855,Mammal,Fox,From_Pixbay,Mammal/Fox/020303800855.png
020303800856,Mammal,Fox,From_Pixbay,Mammal/Fox/020303800856.png
010303802298,Mammal,Fox,From_Bing,Mammal/Fox/010303802298.png
010303802299,Mammal,Fox,From_Bing,Mammal/Fox/010303802299.png
010303802300,Mammal,Fox,From_Bing,Mammal/Fox/010303802300.png
010303802301,Mammal,Fox,From_Bing,Mammal/Fox/010303802301.png
010303802302,Mammal,Fox,From_Bing,Mammal/Fox/010303802302.png
010303802303,Mammal,Fox,From_Bing,Mammal/Fox/010303802303.png
010303802304,Mammal,Fox,From_Bing,Mammal/Fox/010303802304.png
010303802305,Mammal,Fox,From_Bing,Mammal/Fox/010303802305.png
010303802306,Mammal,Fox,From_Bing,Mammal/Fox/010303802306.png
010303802307,Mammal,Fox,From_Bing,Mammal/Fox/010303802307.png
010303802308,Mammal,Fox,From_Bing,Mammal/Fox/010303802308.png
010303802309,Mammal,Fox,From_Bing,Mammal/Fox/010303802309.png
010303802310,Mammal,Fox,From_Bing,Mammal/Fox/010303802310.png
010303802311,Mammal,Fox,From_Bing,Mammal/Fox/010303802311.png
010303802312,Mammal,Fox,From_Bing,Mammal/Fox/010303802312.png
010303802313,Mammal,Fox,From_Bing,Mammal/Fox/010303802313.png
010303802314,Mammal,Fox,From_Bing,Mammal/Fox/010303802314.png
010303802315,Mammal,Fox,From_Bing,Mammal/Fox/010303802315.png
020304100857,Mammal,Goat,From_Pixbay,Mammal/Goat/020304100857.png
020304100858,Mammal,Goat,From_Pixbay,Mammal/Goat/020304100858.png
020304100859,Mammal,Goat,From_Pixbay,Mammal/Goat/020304100859.png
020304100860,Mammal,Goat,From_Pixbay,Mammal/Goat/020304100860.png
020304100861,Mammal,Goat,From_Pixbay,Mammal/Goat/020304100861.png
020304100862,Mammal,Goat,From_Pixbay,Mammal/Goat/020304100862.png
010304102287,Mammal,Goat,From_Bing,Mammal/Goat/010304102287.png
010304102288,Mammal,Goat,From_Bing,Mammal/Goat/010304102288.png
010304102289,Mammal,Goat,From_Bing,Mammal/Goat/010304102289.png
010304102290,Mammal,Goat,From_Bing,Mammal/Goat/010304102290.png
010304102291,Mammal,Goat,From_Bing,Mammal/Goat/010304102291.png
010304102292,Mammal,Goat,From_Bing,Mammal/Goat/010304102292.png
010304102294,Mammal,Goat,From_Bing,Mammal/Goat/010304102294.png
010304102295,Mammal,Goat,From_Bing,Mammal/Goat/010304102295.png
010304102296,Mammal,Goat,From_Bing,Mammal/Goat/010304102296.png
010304102297,Mammal,Goat,From_Bing,Mammal/Goat/010304102297.png
010304102333,Mammal,Goat,From_Bing,Mammal/Goat/010304102333.png
010304102334,Mammal,Goat,From_Bing,Mammal/Goat/010304102334.png
010304102335,Mammal,Goat,From_Bing,Mammal/Goat/010304102335.png
020304500864,Mammal,Hedgehog,From_Pixbay,Mammal/Hedgehog/020304500864.png
020304500865,Mammal,Hedgehog,From_Pixbay,Mammal/Hedgehog/020304500865.png
020304500866,Mammal,Hedgehog,From_Pixbay,Mammal/Hedgehog/020304500866.png
020304500867,Mammal,Hedgehog,From_Pixbay,Mammal/Hedgehog/020304500867.png
020304500868,Mammal,Hedgehog,From_Pixbay,Mammal/Hedgehog/020304500868.png
020304500869,Mammal,Hedgehog,From_Pixbay,Mammal/Hedgehog/020304500869.png
020304700870,Mammal,Horse,From_Pixbay,Mammal/Horse/020304700870.png
020304700871,Mammal,Horse,From_Pixbay,Mammal/Horse/020304700871.png
020304700872,Mammal,Horse,From_Pixbay,Mammal/Horse/020304700872.png
020304700873,Mammal,Horse,From_Pixbay,Mammal/Horse/020304700873.png
020304700874,Mammal,Horse,From_Pixbay,Mammal/Horse/020304700874.png
020304700875,Mammal,Horse,From_Pixbay,Mammal/Horse/020304700875.png
020304700876,Mammal,Horse,From_Pixbay,Mammal/Horse/020304700876.png
010304702256,Mammal,Horse,From_Bing,Mammal/Horse/010304702256.png
010304702257,Mammal,Horse,From_Bing,Mammal/Horse/010304702257.png
010304702258,Mammal,Horse,From_Bing,Mammal/Horse/010304702258.png
010304702259,Mammal,Horse,From_Bing,Mammal/Horse/010304702259.png
010304702260,Mammal,Horse,From_Bing,Mammal/Horse/010304702260.png
010304702261,Mammal,Horse,From_Bing,Mammal/Horse/010304702261.png
010304702262,Mammal,Horse,From_Bing,Mammal/Horse/010304702262.png
010304702263,Mammal,Horse,From_Bing,Mammal/Horse/010304702263.png
010304702264,Mammal,Horse,From_Bing,Mammal/Horse/010304702264.png
010304702265,Mammal,Horse,From_Bing,Mammal/Horse/010304702265.png
010304702266,Mammal,Horse,From_Bing,Mammal/Horse/010304702266.png
010304702319,Mammal,Horse,From_Bing,Mammal/Horse/010304702319.png
010304702320,Mammal,Horse,From_Bing,Mammal/Horse/010304702320.png
010304702321,Mammal,Horse,From_Bing,Mammal/Horse/010304702321.png
010304702322,Mammal,Horse,From_Bing,Mammal/Horse/010304702322.png
010304702323,Mammal,Horse,From_Bing,Mammal/Horse/010304702323.png
010304702324,Mammal,Horse,From_Bing,Mammal/Horse/010304702324.png
020304800877,Mammal,Kangaroo,From_Pixbay,Mammal/Kangaroo/020304800877.png
020304800878,Mammal,Kangaroo,From_Pixbay,Mammal/Kangaroo/020304800878.png
020304800879,Mammal,Kangaroo,From_Pixbay,Mammal/Kangaroo/020304800879.png
020304800880,Mammal,Kangaroo,From_Pixbay,Mammal/Kangaroo/020304800880.png
020304800881,Mammal,Kangaroo,From_Pixbay,Mammal/Kangaroo/020304800881.png
020304800882,Mammal,Kangaroo,From_Pixbay,Mammal/Kangaroo/020304800882.png
020304800883,Mammal,Kangaroo,From_Pixbay,Mammal/Kangaroo/020304800883.png
020304800884,Mammal,Kangaroo,From_Pixbay,Mammal/Kangaroo/020304800884.png
020304800885,Mammal,Kangaroo,From_Pixbay,Mammal/Kangaroo/020304800885.png
010304800951,Mammal,Kangaroo,From_Bing,Mammal/Kangaroo/010304800951.png
010304802336,Mammal,Kangaroo,From_Bing,Mammal/Kangaroo/010304802336.png
020305200886,Mammal,Lion,From_Pixbay,Mammal/Lion/020305200886.png
020305200887,Mammal,Lion,From_Pixbay,Mammal/Lion/020305200887.png
020305200888,Mammal,Lion,From_Pixbay,Mammal/Lion/020305200888.png
020305200889,Mammal,Lion,From_Pixbay,Mammal/Lion/020305200889.png
020305200890,Mammal,Lion,From_Pixbay,Mammal/Lion/020305200890.png
020305200891,Mammal,Lion,From_Pixbay,Mammal/Lion/020305200891.png
020305200892,Mammal,Lion,From_Pixbay,Mammal/Lion/020305200892.png
010305600893,Mammal,Marte,From_Bing,Mammal/Marte/010305600893.png
010305600894,Mammal,Marte,From_Bing,Mammal/Marte/010305600894.png
010305600895,Mammal,Marte,From_Bing,Mammal/Marte/010305600895.png
010305600896,Mammal,Marte,From_Bing,Mammal/Marte/010305600896.png
010305600897,Mammal,Marte,From_Bing,Mammal/Marte/010305600897.png
010305600898,Mammal,Marte,From_Bing,Mammal/Marte/010305600898.png
010305900899,Mammal,Mole,From_Bing,Mammal/Mole/010305900899.png
010305900900,Mammal,Mole,From_Bing,Mammal/Mole/010305900900.png
010305900901,Mammal,Mole,From_Bing,Mammal/Mole/010305900901.png
010305900902,Mammal,Mole,From_Bing,Mammal/Mole/010305900902.png
010305900903,Mammal,Mole,From_Bing,Mammal/Mole/010305900903.png
010305900904,Mammal,Mole,From_Bing,Mammal/Mole/010305900904.png
020307400905,Mammal,Pig,From_Pixbay,Mammal/Pig/020307400905.png
020307400906,Mammal,Pig,From_Pixbay,Mammal/Pig/020307400906.png
020307400907,Mammal,Pig,From_Pixbay,Mammal/Pig/020307400907.png
020307400908,Mammal,Pig,From_Pixbay,Mammal/Pig/020307400908.png
020307400909,Mammal,Pig,From_Pixbay,Mammal/Pig/020307400909.png
020307400910,Mammal,Pig,From_Pixbay,Mammal/Pig/020307400910.png
020307400911,Mammal,Pig,From_Pixbay,Mammal/Pig/020307400911.png
020307400912,Mammal,Pig,From_Pixbay,Mammal/Pig/020307400912.png
020307400913,Mammal,Pig,From_Pixbay,Mammal/Pig/020307400913.png
020307400914,Mammal,Pig,From_Pixbay,Mammal/Pig/020307400914.png
020307400915,Mammal,Pig,From_Pixbay,Mammal/Pig/020307400915.png
020307400916,Mammal,Pig,From_Pixbay,Mammal/Pig/020307400916.png
010307402316,Mammal,Pig,From_Bing,Mammal/Pig/010307402316.png
010307402317,Mammal,Pig,From_Bing,Mammal/Pig/010307402317.png
010307402318,Mammal,Pig,From_Bing,Mammal/Pig/010307402318.png
010307900917,Mammal,Rabbit,From_Bing,Mammal/Rabbit/010307900917.png
010307900918,Mammal,Rabbit,From_Bing,Mammal/Rabbit/010307900918.png
010307900919,Mammal,Rabbit,From_Bing,Mammal/Rabbit/010307900919.png
010307900920,Mammal,Rabbit,From_Bing,Mammal/Rabbit/010307900920.png
010307900921,Mammal,Rabbit,From_Bing,Mammal/Rabbit/010307900921.png
010307900922,Mammal,Rabbit,From_Bing,Mammal/Rabbit/010307900922.png
010307900923,Mammal,Rabbit,From_Bing,Mammal/Rabbit/010307900923.png
010307900924,Mammal,Rabbit,From_Bing,Mammal/Rabbit/010307900924.png
010307900925,Mammal,Rabbit,From_Bing,Mammal/Rabbit/010307900925.png
010307900926,Mammal,Rabbit,From_Bing,Mammal/Rabbit/010307900926.png
010307900927,Mammal,Rabbit,From_Bing,Mammal/Rabbit/010307900927.png
010307900928,Mammal,Rabbit,From_Bing,Mammal/Rabbit/010307900928.png
010307900929,Mammal,Rabbit,From_Bing,Mammal/Rabbit/010307900929.png
010307900930,Mammal,Rabbit,From_Bing,Mammal/Rabbit/010307900930.png
010307900931,Mammal,Rabbit,From_Bing,Mammal/Rabbit/010307900931.png
010307900932,Mammal,Rabbit,From_Bing,Mammal/Rabbit/010307900932.png
010307900933,Mammal,Rabbit,From_Bing,Mammal/Rabbit/010307900933.png
010307900934,Mammal,Rabbit,From_Bing,Mammal/Rabbit/010307900934.png
020307900935,Mammal,Rabbit,From_Pixbay,Mammal/Rabbit/020307900935.png
020307900936,Mammal,Rabbit,From_Pixbay,Mammal/Rabbit/020307900936.png
020307900937,Mammal,Rabbit,From_Pixbay,Mammal/Rabbit/020307900937.png
020307900938,Mammal,Rabbit,From_Pixbay,Mammal/Rabbit/020307900938.png
020307900939,Mammal,Rabbit,From_Pixbay,Mammal/Rabbit/020307900939.png
020307900940,Mammal,Rabbit,From_Pixbay,Mammal/Rabbit/020307900940.png
020307900941,Mammal,Rabbit,From_Pixbay,Mammal/Rabbit/020307900941.png
020307900942,Mammal,Rabbit,From_Pixbay,Mammal/Rabbit/020307900942.png
020307900943,Mammal,Rabbit,From_Pixbay,Mammal/Rabbit/020307900943.png
010308000944,Mammal,Raccoon,From_Bing,Mammal/Raccoon/010308000944.png
010308000945,Mammal,Raccoon,From_Bing,Mammal/Raccoon/010308000945.png
010308000946,Mammal,Raccoon,From_Bing,Mammal/Raccoon/010308000946.png
010308000947,Mammal,Raccoon,From_Bing,Mammal/Raccoon/010308000947.png
010308000948,Mammal,Raccoon,From_Bing,Mammal/Raccoon/010308000948.png
010308000949,Mammal,Raccoon,From_Bing,Mammal/Raccoon/010308000949.png
010308000950,Mammal,Raccoon,From_Bing,Mammal/Raccoon/010308000950.png
010308200953,Mammal,Rodent,From_Bing,Mammal/Rodent/010308200953.png
010308200954,Mammal,Rodent,From_Bing,Mammal/Rodent/010308200954.png
010308200955,Mammal,Rodent,From_Bing,Mammal/Rodent/010308200955.png
010308200956,Mammal,Rodent,From_Bing,Mammal/Rodent/010308200956.png
010308200957,Mammal,Rodent,From_Bing,Mammal/Rodent/010308200957.png
010308200958,Mammal,Rodent,From_Bing,Mammal/Rodent/010308200958.png
010308200959,Mammal,Rodent,From_Bing,Mammal/Rodent/010308200959.png
010308200960,Mammal,Rodent,From_Bing,Mammal/Rodent/010308200960.png
010308200961,Mammal,Rodent,From_Bing,Mammal/Rodent/010308200961.png
010308200962,Mammal,Rodent,From_Bing,Mammal/Rodent/010308200962.png
010308200963,Mammal,Rodent,From_Bing,Mammal/Rodent/010308200963.png
010308200964,Mammal,Rodent,From_Bing,Mammal/Rodent/010308200964.png
010308200965,Mammal,Rodent,From_Bing,Mammal/Rodent/010308200965.png
010308200966,Mammal,Rodent,From_Bing,Mammal/Rodent/010308200966.png
010308200967,Mammal,Rodent,From_Bing,Mammal/Rodent/010308200967.png
010308200968,Mammal,Rodent,From_Bing,Mammal/Rodent/010308200968.png
010308200969,Mammal,Rodent,From_Bing,Mammal/Rodent/010308200969.png
010308200970,Mammal,Rodent,From_Bing,Mammal/Rodent/010308200970.png
010308200971,Mammal,Rodent,From_Bing,Mammal/Rodent/010308200971.png
010308200972,Mammal,Rodent,From_Bing,Mammal/Rodent/010308200972.png
010308200973,Mammal,Rodent,From_Bing,Mammal/Rodent/010308200973.png
010308200974,Mammal,Rodent,From_Bing,Mammal/Rodent/010308200974.png
010308200975,Mammal,Rodent,From_Bing,Mammal/Rodent/010308200975.png
010308200976,Mammal,Rodent,From_Bing,Mammal/Rodent/010308200976.png
010308200977,Mammal,Rodent,From_Bing,Mammal/Rodent/010308200977.png
010308200978,Mammal,Rodent,From_Bing,Mammal/Rodent/010308200978.png
010308200979,Mammal,Rodent,From_Bing,Mammal/Rodent/010308200979.png
010308200980,Mammal,Rodent,From_Bing,Mammal/Rodent/010308200980.png
010308200981,Mammal,Rodent,From_Bing,Mammal/Rodent/010308200981.png
010308200982,Mammal,Rodent,From_Bing,Mammal/Rodent/010308200982.png
010308200983,Mammal,Rodent,From_Bing,Mammal/Rodent/010308200983.png
010308200984,Mammal,Rodent,From_Bing,Mammal/Rodent/010308200984.png
010308200985,Mammal,Rodent,From_Bing,Mammal/Rodent/010308200985.png
010308200986,Mammal,Rodent,From_Bing,Mammal/Rodent/010308200986.png
010308200987,Mammal,Rodent,From_Bing,Mammal/Rodent/010308200987.png
010308200988,Mammal,Rodent,From_Bing,Mammal/Rodent/010308200988.png
010308200989,Mammal,Rodent,From_Bing,Mammal/Rodent/010308200989.png
010308200990,Mammal,Rodent,From_Bing,Mammal/Rodent/010308200990.png
010308200991,Mammal,Rodent,From_Bing,Mammal/Rodent/010308200991.png
010308200992,Mammal,Rodent,From_Bing,Mammal/Rodent/010308200992.png
010308200993,Mammal,Rodent,From_Bing,Mammal/Rodent/010308200993.png
010308200994,Mammal,Rodent,From_Bing,Mammal/Rodent/010308200994.png
010308200995,Mammal,Rodent,From_Bing,Mammal/Rodent/010308200995.png
010308200996,Mammal,Rodent,From_Bing,Mammal/Rodent/010308200996.png
010308200997,Mammal,Rodent,From_Bing,Mammal/Rodent/010308200997.png
010308200998,Mammal,Rodent,From_Bing,Mammal/Rodent/010308200998.png
010308200999,Mammal,Rodent,From_Bing,Mammal/Rodent/010308200999.png
010308201000,Mammal,Rodent,From_Bing,Mammal/Rodent/010308201000.png
010308201001,Mammal,Rodent,From_Bing,Mammal/Rodent/010308201001.png
010308201002,Mammal,Rodent,From_Bing,Mammal/Rodent/010308201002.png
010308201003,Mammal,Rodent,From_Bing,Mammal/Rodent/010308201003.png
010308201004,Mammal,Rodent,From_Bing,Mammal/Rodent/010308201004.png
010308201005,Mammal,Rodent,From_Bing,Mammal/Rodent/010308201005.png
010308201006,Mammal,Rodent,From_Bing,Mammal/Rodent/010308201006.png
010308201007,Mammal,Rodent,From_Bing,Mammal/Rodent/010308201007.png
020308201008,Mammal,Rodent,From_Pixbay,Mammal/Rodent/020308201008.png
020308201009,Mammal,Rodent,From_Pixbay,Mammal/Rodent/020308201009.png
020308201010,Mammal,Rodent,From_Pixbay,Mammal/Rodent/020308201010.png
020308201011,Mammal,Rodent,From_Pixbay,Mammal/Rodent/020308201011.png
020308201012,Mammal,Rodent,From_Pixbay,Mammal/Rodent/020308201012.png
020308201013,Mammal,Rodent,From_Pixbay,Mammal/Rodent/020308201013.png
020308201014,Mammal,Rodent,From_Pixbay,Mammal/Rodent/020308201014.png
020308201015,Mammal,Rodent,From_Pixbay,Mammal/Rodent/020308201015.png
020308201016,Mammal,Rodent,From_Pixbay,Mammal/Rodent/020308201016.png
020308201017,Mammal,Rodent,From_Pixbay,Mammal/Rodent/020308201017.png
020308201018,Mammal,Rodent,From_Pixbay,Mammal/Rodent/020308201018.png
020308201019,Mammal,Rodent,From_Pixbay,Mammal/Rodent/020308201019.png
020308201020,Mammal,Rodent,From_Pixbay,Mammal/Rodent/020308201020.png
020308201021,Mammal,Rodent,From_Pixbay,Mammal/Rodent/020308201021.png
020308201022,Mammal,Rodent,From_Pixbay,Mammal/Rodent/020308201022.png
020308201023,Mammal,Rodent,From_Pixbay,Mammal/Rodent/020308201023.png
040308201024,Mammal,Rodent,From_Kiani1000,Mammal/Rodent/040308201024.png
040308201025,Mammal,Rodent,From_Kiani1000,Mammal/Rodent/040308201025.png
010308801026,Mammal,Sea Elephant,From_Bing,Mammal/Sea Elephant/010308801026.png
010308801027,Mammal,Sea Elephant,From_Bing,Mammal/Sea Elephant/010308801027.png
010308801028,Mammal,Sea Elephant,From_Bing,Mammal/Sea Elephant/010308801028.png
010308801029,Mammal,Sea Elephant,From_Bing,Mammal/Sea Elephant/010308801029.png
020308801030,Mammal,Sea Elephant,From_Pixbay,Mammal/Sea Elephant/020308801030.png
020308801031,Mammal,Sea Elephant,From_Pixbay,Mammal/Sea Elephant/020308801031.png
010308901032,Mammal,Seal,From_Bing,Mammal/Seal/010308901032.png
010308901033,Mammal,Seal,From_Bing,Mammal/Seal/010308901033.png
010308901034,Mammal,Seal,From_Bing,Mammal/Seal/010308901034.png
010308901035,Mammal,Seal,From_Bing,Mammal/Seal/010308901035.png
010308901036,Mammal,Seal,From_Bing,Mammal/Seal/010308901036.png
010308901037,Mammal,Seal,From_Bing,Mammal/Seal/010308901037.png
010308901038,Mammal,Seal,From_Bing,Mammal/Seal/010308901038.png
020309201039,Mammal,Sheep,From_Pixbay,Mammal/Sheep/020309201039.png
020309201041,Mammal,Sheep,From_Pixbay,Mammal/Sheep/020309201041.png
020309201042,Mammal,Sheep,From_Pixbay,Mammal/Sheep/020309201042.png
020309201043,Mammal,Sheep,From_Pixbay,Mammal/Sheep/020309201043.png
020309201045,Mammal,Sheep,From_Pixbay,Mammal/Sheep/020309201045.png
020309201046,Mammal,Sheep,From_Pixbay,Mammal/Sheep/020309201046.png
020309201047,Mammal,Sheep,From_Pixbay,Mammal/Sheep/020309201047.png
020309201048,Mammal,Sheep,From_Pixbay,Mammal/Sheep/020309201048.png
020309601049,Mammal,Squirrel,From_Pixbay,Mammal/Squirrel/020309601049.png
020309601050,Mammal,Squirrel,From_Pixbay,Mammal/Squirrel/020309601050.png
020309601051,Mammal,Squirrel,From_Pixbay,Mammal/Squirrel/020309601051.png
020309601052,Mammal,Squirrel,From_Pixbay,Mammal/Squirrel/020309601052.png
020309601054,Mammal,Squirrel,From_Pixbay,Mammal/Squirrel/020309601054.png
020309601056,Mammal,Squirrel,From_Pixbay,Mammal/Squirrel/020309601056.png
020309601058,Mammal,Squirrel,From_Pixbay,Mammal/Squirrel/020309601058.png
020309601059,Mammal,Squirrel,From_Pixbay,Mammal/Squirrel/020309601059.png
020309601060,Mammal,Squirrel,From_Pixbay,Mammal/Squirrel/020309601060.png
020309601061,Mammal,Squirrel,From_Pixbay,Mammal/Squirrel/020309601061.png
020309601062,Mammal,Squirrel,From_Pixbay,Mammal/Squirrel/020309601062.png
020309601063,Mammal,Squirrel,From_Pixbay,Mammal/Squirrel/020309601063.png
020309601065,Mammal,Squirrel,From_Pixbay,Mammal/Squirrel/020309601065.png
020309601066,Mammal,Squirrel,From_Pixbay,Mammal/Squirrel/020309601066.png
020309601067,Mammal,Squirrel,From_Pixbay,Mammal/Squirrel/020309601067.png
020309601068,Mammal,Squirrel,From_Pixbay,Mammal/Squirrel/020309601068.png
010312002374,Mammal,Wolf,From_Bing,Mammal/Wolf/010312002374.png
010312002375,Mammal,Wolf,From_Bing,Mammal/Wolf/010312002375.png
010312002376,Mammal,Wolf,From_Bing,Mammal/Wolf/010312002376.png
010312002377,Mammal,Wolf,From_Bing,Mammal/Wolf/010312002377.png
010312002378,Mammal,Wolf,From_Bing,Mammal/Wolf/010312002378.png
010312002379,Mammal,Wolf,From_Bing,Mammal/Wolf/010312002379.png
010312002380,Mammal,Wolf,From_Bing,Mammal/Wolf/010312002380.png
010312002381,Mammal,Wolf,From_Bing,Mammal/Wolf/010312002381.png
010312002382,Mammal,Wolf,From_Bing,Mammal/Wolf/010312002382.png
010312002383,Mammal,Wolf,From_Bing,Mammal/Wolf/010312002383.png
010312002384,Mammal,Wolf,From_Bing,Mammal/Wolf/010312002384.png
010312002385,Mammal,Wolf,From_Bing,Mammal/Wolf/010312002385.png
010312002386,Mammal,Wolf,From_Bing,Mammal/Wolf/010312002386.png
010312002387,Mammal,Wolf,From_Bing,Mammal/Wolf/010312002387.png
011313202506,Mollusk,Unclassified Mollusk,From_Bing,Mollusk/Unclassified Mollusk/011313202506.png
011313202507,Mollusk,Unclassified Mollusk,From_Bing,Mollusk/Unclassified Mollusk/011313202507.png
011313202508,Mollusk,Unclassified Mollusk,From_Bing,Mollusk/Unclassified Mollusk/011313202508.png
011313202509,Mollusk,Unclassified Mollusk,From_Bing,Mollusk/Unclassified Mollusk/011313202509.png
011313202510,Mollusk,Unclassified Mollusk,From_Bing,Mollusk/Unclassified Mollusk/011313202510.png
011313202511,Mollusk,Unclassified Mollusk,From_Bing,Mollusk/Unclassified Mollusk/011313202511.png
011313202512,Mollusk,Unclassified Mollusk,From_Bing,Mollusk/Unclassified Mollusk/011313202512.png
011313202513,Mollusk,Unclassified Mollusk,From_Bing,Mollusk/Unclassified Mollusk/011313202513.png
011313202514,Mollusk,Unclassified Mollusk,From_Bing,Mollusk/Unclassified Mollusk/011313202514.png
011313202515,Mollusk,Unclassified Mollusk,From_Bing,Mollusk/Unclassified Mollusk/011313202515.png
011313202516,Mollusk,Unclassified Mollusk,From_Bing,Mollusk/Unclassified Mollusk/011313202516.png
011313202517,Mollusk,Unclassified Mollusk,From_Bing,Mollusk/Unclassified Mollusk/011313202517.png
011313202518,Mollusk,Unclassified Mollusk,From_Bing,Mollusk/Unclassified Mollusk/011313202518.png
011313202519,Mollusk,Unclassified Mollusk,From_Bing,Mollusk/Unclassified Mollusk/011313202519.png
011313202520,Mollusk,Unclassified Mollusk,From_Bing,Mollusk/Unclassified Mollusk/011313202520.png
011313202558,Mollusk,Unclassified Mollusk,From_Bing,Mollusk/Unclassified Mollusk/011313202558.png
011313202559,Mollusk,Unclassified Mollusk,From_Bing,Mollusk/Unclassified Mollusk/011313202559.png
011313202560,Mollusk,Unclassified Mollusk,From_Bing,Mollusk/Unclassified Mollusk/011313202560.png
011313202561,Mollusk,Unclassified Mollusk,From_Bing,Mollusk/Unclassified Mollusk/011313202561.png
010213902607,Monkey,Cartoon Monkey,From_Bing,Monkey/Cartoon Monkey/010213902607.png
010213902608,Monkey,Cartoon Monkey,From_Bing,Monkey/Cartoon Monkey/010213902608.png
060214202841,Monkey,Cynomolgus Female,From_JPC,Monkey/Cynomolgus Female/060214202841.png
060214202842,Monkey,Cynomolgus Female,From_JPC,Monkey/Cynomolgus Female/060214202842.png
060214202843,Monkey,Cynomolgus Female,From_JPC,Monkey/Cynomolgus Female/060214202843.png
060214202844,Monkey,Cynomolgus Female,From_JPC,Monkey/Cynomolgus Female/060214202844.png
060214202845,Monkey,Cynomolgus Female,From_JPC,Monkey/Cynomolgus Female/060214202845.png
060214202846,Monkey,Cynomolgus Female,From_JPC,Monkey/Cynomolgus Female/060214202846.png
060214202847,Monkey,Cynomolgus Female,From_JPC,Monkey/Cynomolgus Female/060214202847.png
060214202848,Monkey,Cynomolgus Female,From_JPC,Monkey/Cynomolgus Female/060214202848.png
060214202849,Monkey,Cynomolgus Female,From_JPC,Monkey/Cynomolgus Female/060214202849.png
060214202850,Monkey,Cynomolgus Female,From_JPC,Monkey/Cynomolgus Female/060214202850.png
060214202851,Monkey,Cynomolgus Female,From_JPC,Monkey/Cynomolgus Female/060214202851.png
060214202852,Monkey,Cynomolgus Female,From_JPC,Monkey/Cynomolgus Female/060214202852.png
060214302853,Monkey,Cynomolgus Male,From_JPC,Monkey/Cynomolgus Male/060214302853.png
060214302854,Monkey,Cynomolgus Male,From_JPC,Monkey/Cynomolgus Male/060214302854.png
060214302855,Monkey,Cynomolgus Male,From_JPC,Monkey/Cynomolgus Male/060214302855.png
060214302856,Monkey,Cynomolgus Male,From_JPC,Monkey/Cynomolgus Male/060214302856.png
060214302857,Monkey,Cynomolgus Male,From_JPC,Monkey/Cynomolgus Male/060214302857.png
060214302858,Monkey,Cynomolgus Male,From_JPC,Monkey/Cynomolgus Male/060214302858.png
060214302859,Monkey,Cynomolgus Male,From_JPC,Monkey/Cynomolgus Male/060214302859.png
060214302860,Monkey,Cynomolgus Male,From_JPC,Monkey/Cynomolgus Male/060214302860.png
060214302861,Monkey,Cynomolgus Male,From_JPC,Monkey/Cynomolgus Male/060214302861.png
060214302862,Monkey,Cynomolgus Male,From_JPC,Monkey/Cynomolgus Male/060214302862.png
060214302863,Monkey,Cynomolgus Male,From_JPC,Monkey/Cynomolgus Male/060214302863.png
060214302864,Monkey,Cynomolgus Male,From_JPC,Monkey/Cynomolgus Male/060214302864.png
060214302865,Monkey,Cynomolgus Male,From_JPC,Monkey/Cynomolgus Male/060214302865.png
060214302866,Monkey,Cynomolgus Male,From_JPC,Monkey/Cynomolgus Male/060214302866.png
060214302867,Monkey,Cynomolgus Male,From_JPC,Monkey/Cynomolgus Male/060214302867.png
060214402868,Monkey,Japanese Female,From_JPC,Monkey/Japanese Female/060214402868.png
060214402869,Monkey,Japanese Female,From_JPC,Monkey/Japanese Female/060214402869.png
060214402870,Monkey,Japanese Female,From_JPC,Monkey/Japanese Female/060214402870.png
060214402871,Monkey,Japanese Female,From_JPC,Monkey/Japanese Female/060214402871.png
060214402872,Monkey,Japanese Female,From_JPC,Monkey/Japanese Female/060214402872.png
060214402873,Monkey,Japanese Female,From_JPC,Monkey/Japanese Female/060214402873.png
060214402874,Monkey,Japanese Female,From_JPC,Monkey/Japanese Female/060214402874.png
060214402875,Monkey,Japanese Female,From_JPC,Monkey/Japanese Female/060214402875.png
060214402876,Monkey,Japanese Female,From_JPC,Monkey/Japanese Female/060214402876.png
060214402877,Monkey,Japanese Female,From_JPC,Monkey/Japanese Female/060214402877.png
060214402878,Monkey,Japanese Female,From_JPC,Monkey/Japanese Female/060214402878.png
060214402879,Monkey,Japanese Female,From_JPC,Monkey/Japanese Female/060214402879.png
060214402880,Monkey,Japanese Female,From_JPC,Monkey/Japanese Female/060214402880.png
060214402881,Monkey,Japanese Female,From_JPC,Monkey/Japanese Female/060214402881.png
060214402882,Monkey,Japanese Female,From_JPC,Monkey/Japanese Female/060214402882.png
060214402883,Monkey,Japanese Female,From_JPC,Monkey/Japanese Female/060214402883.png
060214502884,Monkey,Japanese Male,From_JPC,Monkey/Japanese Male/060214502884.png
060214502885,Monkey,Japanese Male,From_JPC,Monkey/Japanese Male/060214502885.png
060214502886,Monkey,Japanese Male,From_JPC,Monkey/Japanese Male/060214502886.png
060214502887,Monkey,Japanese Male,From_JPC,Monkey/Japanese Male/060214502887.png
060214502888,Monkey,Japanese Male,From_JPC,Monkey/Japanese Male/060214502888.png
060214502889,Monkey,Japanese Male,From_JPC,Monkey/Japanese Male/060214502889.png
060214502890,Monkey,Japanese Male,From_JPC,Monkey/Japanese Male/060214502890.png
060214502891,Monkey,Japanese Male,From_JPC,Monkey/Japanese Male/060214502891.png
060214502892,Monkey,Japanese Male,From_JPC,Monkey/Japanese Male/060214502892.png
060214502893,Monkey,Japanese Male,From_JPC,Monkey/Japanese Male/060214502893.png
060214502894,Monkey,Japanese Male,From_JPC,Monkey/Japanese Male/060214502894.png
060214502895,Monkey,Japanese Male,From_JPC,Monkey/Japanese Male/060214502895.png
060214502896,Monkey,Japanese Male,From_JPC,Monkey/Japanese Male/060214502896.png
010205401070,Monkey,Macaque,From_Bing,Monkey/Macaque/010205401070.png
010205401071,Monkey,Macaque,From_Bing,Monkey/Macaque/010205401071.png
010205401072,Monkey,Macaque,From_Bing,Monkey/Macaque/010205401072.png
010205401074,Monkey,Macaque,From_Bing,Monkey/Macaque/010205401074.png
010205401075,Monkey,Macaque,From_Bing,Monkey/Macaque/010205401075.png
010205401076,Monkey,Macaque,From_Bing,Monkey/Macaque/010205401076.png
010205401077,Monkey,Macaque,From_Bing,Monkey/Macaque/010205401077.png
010205401078,Monkey,Macaque,From_Bing,Monkey/Macaque/010205401078.png
010205401080,Monkey,Macaque,From_Bing,Monkey/Macaque/010205401080.png
010205401081,Monkey,Macaque,From_Bing,Monkey/Macaque/010205401081.png
010205401082,Monkey,Macaque,From_Bing,Monkey/Macaque/010205401082.png
010205401083,Monkey,Macaque,From_Bing,Monkey/Macaque/010205401083.png
010205401084,Monkey,Macaque,From_Bing,Monkey/Macaque/010205401084.png
010205401085,Monkey,Macaque,From_Bing,Monkey/Macaque/010205401085.png
010205401088,Monkey,Macaque,From_Bing,Monkey/Macaque/010205401088.png
010205401089,Monkey,Macaque,From_Bing,Monkey/Macaque/010205401089.png
010205401090,Monkey,Macaque,From_Bing,Monkey/Macaque/010205401090.png
010205401091,Monkey,Macaque,From_Bing,Monkey/Macaque/010205401091.png
010205401092,Monkey,Macaque,From_Bing,Monkey/Macaque/010205401092.png
010205401094,Monkey,Macaque,From_Bing,Monkey/Macaque/010205401094.png
010205401095,Monkey,Macaque,From_Bing,Monkey/Macaque/010205401095.png
010205401096,Monkey,Macaque,From_Bing,Monkey/Macaque/010205401096.png
010205401098,Monkey,Macaque,From_Bing,Monkey/Macaque/010205401098.png
020205401099,Monkey,Macaque,From_Pixbay,Monkey/Macaque/020205401099.png
020205401100,Monkey,Macaque,From_Pixbay,Monkey/Macaque/020205401100.png
020205401102,Monkey,Macaque,From_Pixbay,Monkey/Macaque/020205401102.png
020205401103,Monkey,Macaque,From_Pixbay,Monkey/Macaque/020205401103.png
020205401105,Monkey,Macaque,From_Pixbay,Monkey/Macaque/020205401105.png
020205401106,Monkey,Macaque,From_Pixbay,Monkey/Macaque/020205401106.png
020205401107,Monkey,Macaque,From_Pixbay,Monkey/Macaque/020205401107.png
020205401110,Monkey,Macaque,From_Pixbay,Monkey/Macaque/020205401110.png
020205401112,Monkey,Macaque,From_Pixbay,Monkey/Macaque/020205401112.png
020205401113,Monkey,Macaque,From_Pixbay,Monkey/Macaque/020205401113.png
020205401114,Monkey,Macaque,From_Pixbay,Monkey/Macaque/020205401114.png
020205401115,Monkey,Macaque,From_Pixbay,Monkey/Macaque/020205401115.png
020205401116,Monkey,Macaque,From_Pixbay,Monkey/Macaque/020205401116.png
020205401118,Monkey,Macaque,From_Pixbay,Monkey/Macaque/020205401118.png
020205401119,Monkey,Macaque,From_Pixbay,Monkey/Macaque/020205401119.png
020205401120,Monkey,Macaque,From_Pixbay,Monkey/Macaque/020205401120.png
020205401122,Monkey,Macaque,From_Pixbay,Monkey/Macaque/020205401122.png
020205401123,Monkey,Macaque,From_Pixbay,Monkey/Macaque/020205401123.png
020205401124,Monkey,Macaque,From_Pixbay,Monkey/Macaque/020205401124.png
020205401125,Monkey,Macaque,From_Pixbay,Monkey/Macaque/020205401125.png
020205401126,Monkey,Macaque,From_Pixbay,Monkey/Macaque/020205401126.png
020205401127,Monkey,Macaque,From_Pixbay,Monkey/Macaque/020205401127.png
020205401128,Monkey,Macaque,From_Pixbay,Monkey/Macaque/020205401128.png
020205401129,Monkey,Macaque,From_Pixbay,Monkey/Macaque/020205401129.png
020205401131,Monkey,Macaque,From_Pixbay,Monkey/Macaque/020205401131.png
020205401132,Monkey,Macaque,From_Pixbay,Monkey/Macaque/020205401132.png
020205401133,Monkey,Macaque,From_Pixbay,Monkey/Macaque/020205401133.png
020205401135,Monkey,Macaque,From_Pixbay,Monkey/Macaque/020205401135.png
020205401137,Monkey,Macaque,From_Pixbay,Monkey/Macaque/020205401137.png
020205401138,Monkey,Macaque,From_Pixbay,Monkey/Macaque/020205401138.png
020205401139,Monkey,Macaque,From_Pixbay,Monkey/Macaque/020205401139.png
020205401140,Monkey,Macaque,From_Pixbay,Monkey/Macaque/020205401140.png
020205401142,Monkey,Macaque,From_Pixbay,Monkey/Macaque/020205401142.png
020205401143,Monkey,Macaque,From_Pixbay,Monkey/Macaque/020205401143.png
020205401145,Monkey,Macaque,From_Pixbay,Monkey/Macaque/020205401145.png
020205401146,Monkey,Macaque,From_Pixbay,Monkey/Macaque/020205401146.png
020205401147,Monkey,Macaque,From_Pixbay,Monkey/Macaque/020205401147.png
020205401148,Monkey,Macaque,From_Pixbay,Monkey/Macaque/020205401148.png
020205401149,Monkey,Macaque,From_Pixbay,Monkey/Macaque/020205401149.png
020205401150,Monkey,Macaque,From_Pixbay,Monkey/Macaque/020205401150.png
020205401151,Monkey,Macaque,From_Pixbay,Monkey/Macaque/020205401151.png
020205401152,Monkey,Macaque,From_Pixbay,Monkey/Macaque/020205401152.png
020205401153,Monkey,Macaque,From_Pixbay,Monkey/Macaque/020205401153.png
020205401155,Monkey,Macaque,From_Pixbay,Monkey/Macaque/020205401155.png
020205401156,Monkey,Macaque,From_Pixbay,Monkey/Macaque/020205401156.png
020205401157,Monkey,Macaque,From_Pixbay,Monkey/Macaque/020205401157.png
020205401158,Monkey,Macaque,From_Pixbay,Monkey/Macaque/020205401158.png
040205401159,Monkey,Macaque,From_Kiani1000,Monkey/Macaque/040205401159.png
040205401160,Monkey,Macaque,From_Kiani1000,Monkey/Macaque/040205401160.png
040205401161,Monkey,Macaque,From_Kiani1000,Monkey/Macaque/040205401161.png
040205401162,Monkey,Macaque,From_Kiani1000,Monkey/Macaque/040205401162.png
040205401163,Monkey,Macaque,From_Kiani1000,Monkey/Macaque/040205401163.png
010205402388,Monkey,Macaque,From_Bing,Monkey/Macaque/010205402388.png
010205402389,Monkey,Macaque,From_Bing,Monkey/Macaque/010205402389.png
010205402390,Monkey,Macaque,From_Bing,Monkey/Macaque/010205402390.png
010205402391,Monkey,Macaque,From_Bing,Monkey/Macaque/010205402391.png
010205402392,Monkey,Macaque,From_Bing,Monkey/Macaque/010205402392.png
010205402393,Monkey,Macaque,From_Bing,Monkey/Macaque/010205402393.png
010205402394,Monkey,Macaque,From_Bing,Monkey/Macaque/010205402394.png
010205402395,Monkey,Macaque,From_Bing,Monkey/Macaque/010205402395.png
010205402396,Monkey,Macaque,From_Bing,Monkey/Macaque/010205402396.png
010205402397,Monkey,Macaque,From_Bing,Monkey/Macaque/010205402397.png
010205402398,Monkey,Macaque,From_Bing,Monkey/Macaque/010205402398.png
010205402399,Monkey,Macaque,From_Bing,Monkey/Macaque/010205402399.png
010205402400,Monkey,Macaque,From_Bing,Monkey/Macaque/010205402400.png
010205402401,Monkey,Macaque,From_Bing,Monkey/Macaque/010205402401.png
010205402402,Monkey,Macaque,From_Bing,Monkey/Macaque/010205402402.png
010206801093,Monkey,Non-macaque,From_Bing,Monkey/Non-macaque/010206801093.png
010206801164,Monkey,Non-macaque,From_Bing,Monkey/Non-macaque/010206801164.png
010206801165,Monkey,Non-macaque,From_Bing,Monkey/Non-macaque/010206801165.png
010206801166,Monkey,Non-macaque,From_Bing,Monkey/Non-macaque/010206801166.png
010206801167,Monkey,Non-macaque,From_Bing,Monkey/Non-macaque/010206801167.png
010206801168,Monkey,Non-macaque,From_Bing,Monkey/Non-macaque/010206801168.png
010206801169,Monkey,Non-macaque,From_Bing,Monkey/Non-macaque/010206801169.png
010206801170,Monkey,Non-macaque,From_Bing,Monkey/Non-macaque/010206801170.png
010206801171,Monkey,Non-macaque,From_Bing,Monkey/Non-macaque/010206801171.png
010206801172,Monkey,Non-macaque,From_Bing,Monkey/Non-macaque/010206801172.png
010206801173,Monkey,Non-macaque,From_Bing,Monkey/Non-macaque/010206801173.png
010206801174,Monkey,Non-macaque,From_Bing,Monkey/Non-macaque/010206801174.png
010206801175,Monkey,Non-macaque,From_Bing,Monkey/Non-macaque/010206801175.png
010206801176,Monkey,Non-macaque,From_Bing,Monkey/Non-macaque/010206801176.png
010206801177,Monkey,Non-macaque,From_Bing,Monkey/Non-macaque/010206801177.png
010206801178,Monkey,Non-macaque,From_Bing,Monkey/Non-macaque/010206801178.png
010206801179,Monkey,Non-macaque,From_Bing,Monkey/Non-macaque/010206801179.png
010206801180,Monkey,Non-macaque,From_Bing,Monkey/Non-macaque/010206801180.png
010206801181,Monkey,Non-macaque,From_Bing,Monkey/Non-macaque/010206801181.png
010206801182,Monkey,Non-macaque,From_Bing,Monkey/Non-macaque/010206801182.png
010206801183,Monkey,Non-macaque,From_Bing,Monkey/Non-macaque/010206801183.png
010206801184,Monkey,Non-macaque,From_Bing,Monkey/Non-macaque/010206801184.png
010206801185,Monkey,Non-macaque,From_Bing,Monkey/Non-macaque/010206801185.png
010206801186,Monkey,Non-macaque,From_Bing,Monkey/Non-macaque/010206801186.png
010206801187,Monkey,Non-macaque,From_Bing,Monkey/Non-macaque/010206801187.png
010206801188,Monkey,Non-macaque,From_Bing,Monkey/Non-macaque/010206801188.png
010206801189,Monkey,Non-macaque,From_Bing,Monkey/Non-macaque/010206801189.png
010206801190,Monkey,Non-macaque,From_Bing,Monkey/Non-macaque/010206801190.png
010206801191,Monkey,Non-macaque,From_Bing,Monkey/Non-macaque/010206801191.png
010206801192,Monkey,Non-macaque,From_Bing,Monkey/Non-macaque/010206801192.png
010206801193,Monkey,Non-macaque,From_Bing,Monkey/Non-macaque/010206801193.png
010206801194,Monkey,Non-macaque,From_Bing,Monkey/Non-macaque/010206801194.png
010206801195,Monkey,Non-macaque,From_Bing,Monkey/Non-macaque/010206801195.png
010206801196,Monkey,Non-macaque,From_Bing,Monkey/Non-macaque/010206801196.png
010206801197,Monkey,Non-macaque,From_Bing,Monkey/Non-macaque/010206801197.png
010206801198,Monkey,Non-macaque,From_Bing,Monkey/Non-macaque/010206801198.png
010206801199,Monkey,Non-macaque,From_Bing,Monkey/Non-macaque/010206801199.png
010206801200,Monkey,Non-macaque,From_Bing,Monkey/Non-macaque/010206801200.png
020206802075,Monkey,Non-macaque,From_Pixbay,Monkey/Non-macaque/020206802075.png
020206802076,Monkey,Non-macaque,From_Pixbay,Monkey/Non-macaque/020206802076.png
020206802077,Monkey,Non-macaque,From_Pixbay,Monkey/Non-macaque/020206802077.png
020206802078,Monkey,Non-macaque,From_Pixbay,Monkey/Non-macaque/020206802078.png
020206802079,Monkey,Non-macaque,From_Pixbay,Monkey/Non-macaque/020206802079.png
060214602897,Monkey,Rhesus Female,From_JPC,Monkey/Rhesus Female/060214602897.png
060214602898,Monkey,Rhesus Female,From_JPC,Monkey/Rhesus Female/060214602898.png
060214602899,Monkey,Rhesus Female,From_JPC,Monkey/Rhesus Female/060214602899.png
060214602900,Monkey,Rhesus Female,From_JPC,Monkey/Rhesus Female/060214602900.png
060214602901,Monkey,Rhesus Female,From_JPC,Monkey/Rhesus Female/060214602901.png
060214602902,Monkey,Rhesus Female,From_JPC,Monkey/Rhesus Female/060214602902.png
060214602903,Monkey,Rhesus Female,From_JPC,Monkey/Rhesus Female/060214602903.png
060214602904,Monkey,Rhesus Female,From_JPC,Monkey/Rhesus Female/060214602904.png
060214602905,Monkey,Rhesus Female,From_JPC,Monkey/Rhesus Female/060214602905.png
060214602906,Monkey,Rhesus Female,From_JPC,Monkey/Rhesus Female/060214602906.png
060214602907,Monkey,Rhesus Female,From_JPC,Monkey/Rhesus Female/060214602907.png
060214602908,Monkey,Rhesus Female,From_JPC,Monkey/Rhesus Female/060214602908.png
060214602909,Monkey,Rhesus Female,From_JPC,Monkey/Rhesus Female/060214602909.png
060214602910,Monkey,Rhesus Female,From_JPC,Monkey/Rhesus Female/060214602910.png
060214602911,Monkey,Rhesus Female,From_JPC,Monkey/Rhesus Female/060214602911.png
060214602912,Monkey,Rhesus Female,From_JPC,Monkey/Rhesus Female/060214602912.png
060214602913,Monkey,Rhesus Female,From_JPC,Monkey/Rhesus Female/060214602913.png
060214602914,Monkey,Rhesus Female,From_JPC,Monkey/Rhesus Female/060214602914.png
060214602915,Monkey,Rhesus Female,From_JPC,Monkey/Rhesus Female/060214602915.png
060214602916,Monkey,Rhesus Female,From_JPC,Monkey/Rhesus Female/060214602916.png
060214602917,Monkey,Rhesus Female,From_JPC,Monkey/Rhesus Female/060214602917.png
060214602918,Monkey,Rhesus Female,From_JPC,Monkey/Rhesus Female/060214602918.png
060214602919,Monkey,Rhesus Female,From_JPC,Monkey/Rhesus Female/060214602919.png
060214602920,Monkey,Rhesus Female,From_JPC,Monkey/Rhesus Female/060214602920.png
060214602921,Monkey,Rhesus Female,From_JPC,Monkey/Rhesus Female/060214602921.png
060214602922,Monkey,Rhesus Female,From_JPC,Monkey/Rhesus Female/060214602922.png
060214602923,Monkey,Rhesus Female,From_JPC,Monkey/Rhesus Female/060214602923.png
060214602924,Monkey,Rhesus Female,From_JPC,Monkey/Rhesus Female/060214602924.png
060214602925,Monkey,Rhesus Female,From_JPC,Monkey/Rhesus Female/060214602925.png
060214602926,Monkey,Rhesus Female,From_JPC,Monkey/Rhesus Female/060214602926.png
060214602927,Monkey,Rhesus Female,From_JPC,Monkey/Rhesus Female/060214602927.png
060214602928,Monkey,Rhesus Female,From_JPC,Monkey/Rhesus Female/060214602928.png
060214602929,Monkey,Rhesus Female,From_JPC,Monkey/Rhesus Female/060214602929.png
060214602930,Monkey,Rhesus Female,From_JPC,Monkey/Rhesus Female/060214602930.png
060214602931,Monkey,Rhesus Female,From_JPC,Monkey/Rhesus Female/060214602931.png
060214602932,Monkey,Rhesus Female,From_JPC,Monkey/Rhesus Female/060214602932.png
060214602933,Monkey,Rhesus Female,From_JPC,Monkey/Rhesus Female/060214602933.png
060214602934,Monkey,Rhesus Female,From_JPC,Monkey/Rhesus Female/060214602934.png
060214602935,Monkey,Rhesus Female,From_JPC,Monkey/Rhesus Female/060214602935.png
060214602936,Monkey,Rhesus Female,From_JPC,Monkey/Rhesus Female/060214602936.png
060214602937,Monkey,Rhesus Female,From_JPC,Monkey/Rhesus Female/060214602937.png
060214602938,Monkey,Rhesus Female,From_JPC,Monkey/Rhesus Female/060214602938.png
060214602939,Monkey,Rhesus Female,From_JPC,Monkey/Rhesus Female/060214602939.png
060214602940,Monkey,Rhesus Female,From_JPC,Monkey/Rhesus Female/060214602940.png
060214602941,Monkey,Rhesus Female,From_JPC,Monkey/Rhesus Female/060214602941.png
060214602942,Monkey,Rhesus Female,From_JPC,Monkey/Rhesus Female/060214602942.png
060214702943,Monkey,Rhesus Male,From_JPC,Monkey/Rhesus Male/060214702943.png
060214702944,Monkey,Rhesus Male,From_JPC,Monkey/Rhesus Male/060214702944.png
060214702945,Monkey,Rhesus Male,From_JPC,Monkey/Rhesus Male/060214702945.png
060214702946,Monkey,Rhesus Male,From_JPC,Monkey/Rhesus Male/060214702946.png
060214702947,Monkey,Rhesus Male,From_JPC,Monkey/Rhesus Male/060214702947.png
060214702948,Monkey,Rhesus Male,From_JPC,Monkey/Rhesus Male/060214702948.png
060214702949,Monkey,Rhesus Male,From_JPC,Monkey/Rhesus Male/060214702949.png
060214702950,Monkey,Rhesus Male,From_JPC,Monkey/Rhesus Male/060214702950.png
060214702951,Monkey,Rhesus Male,From_JPC,Monkey/Rhesus Male/060214702951.png
060214702952,Monkey,Rhesus Male,From_JPC,Monkey/Rhesus Male/060214702952.png
060214702953,Monkey,Rhesus Male,From_JPC,Monkey/Rhesus Male/060214702953.png
060214702954,Monkey,Rhesus Male,From_JPC,Monkey/Rhesus Male/060214702954.png
060214702955,Monkey,Rhesus Male,From_JPC,Monkey/Rhesus Male/060214702955.png
060214702956,Monkey,Rhesus Male,From_JPC,Monkey/Rhesus Male/060214702956.png
060214702957,Monkey,Rhesus Male,From_JPC,Monkey/Rhesus Male/060214702957.png
060214702958,Monkey,Rhesus Male,From_JPC,Monkey/Rhesus Male/060214702958.png
060214702959,Monkey,Rhesus Male,From_JPC,Monkey/Rhesus Male/060214702959.png
060214702960,Monkey,Rhesus Male,From_JPC,Monkey/Rhesus Male/060214702960.png
060214702961,Monkey,Rhesus Male,From_JPC,Monkey/Rhesus Male/060214702961.png
060214702962,Monkey,Rhesus Male,From_JPC,Monkey/Rhesus Male/060214702962.png
060214702963,Monkey,Rhesus Male,From_JPC,Monkey/Rhesus Male/060214702963.png
060214702964,Monkey,Rhesus Male,From_JPC,Monkey/Rhesus Male/060214702964.png
060214702965,Monkey,Rhesus Male,From_JPC,Monkey/Rhesus Male/060214702965.png
060214702966,Monkey,Rhesus Male,From_JPC,Monkey/Rhesus Male/060214702966.png
060214702967,Monkey,Rhesus Male,From_JPC,Monkey/Rhesus Male/060214702967.png
060214702968,Monkey,Rhesus Male,From_JPC,Monkey/Rhesus Male/060214702968.png
060214702969,Monkey,Rhesus Male,From_JPC,Monkey/Rhesus Male/060214702969.png
060214702970,Monkey,Rhesus Male,From_JPC,Monkey/Rhesus Male/060214702970.png
060214702971,Monkey,Rhesus Male,From_JPC,Monkey/Rhesus Male/060214702971.png
060214702972,Monkey,Rhesus Male,From_JPC,Monkey/Rhesus Male/060214702972.png
060214702973,Monkey,Rhesus Male,From_JPC,Monkey/Rhesus Male/060214702973.png
060214702974,Monkey,Rhesus Male,From_JPC,Monkey/Rhesus Male/060214702974.png
060214702975,Monkey,Rhesus Male,From_JPC,Monkey/Rhesus Male/060214702975.png
060214702976,Monkey,Rhesus Male,From_JPC,Monkey/Rhesus Male/060214702976.png
060214702977,Monkey,Rhesus Male,From_JPC,Monkey/Rhesus Male/060214702977.png
060214702978,Monkey,Rhesus Male,From_JPC,Monkey/Rhesus Male/060214702978.png
060214702979,Monkey,Rhesus Male,From_JPC,Monkey/Rhesus Male/060214702979.png
060214702980,Monkey,Rhesus Male,From_JPC,Monkey/Rhesus Male/060214702980.png
060214702981,Monkey,Rhesus Male,From_JPC,Monkey/Rhesus Male/060214702981.png
060214702982,Monkey,Rhesus Male,From_JPC,Monkey/Rhesus Male/060214702982.png
060214702983,Monkey,Rhesus Male,From_JPC,Monkey/Rhesus Male/060214702983.png
060214702984,Monkey,Rhesus Male,From_JPC,Monkey/Rhesus Male/060214702984.png
060214702985,Monkey,Rhesus Male,From_JPC,Monkey/Rhesus Male/060214702985.png
060214702986,Monkey,Rhesus Male,From_JPC,Monkey/Rhesus Male/060214702986.png
060214702987,Monkey,Rhesus Male,From_JPC,Monkey/Rhesus Male/060214702987.png
060214702988,Monkey,Rhesus Male,From_JPC,Monkey/Rhesus Male/060214702988.png
060214702989,Monkey,Rhesus Male,From_JPC,Monkey/Rhesus Male/060214702989.png
010601201201,Plant,Bush,From_Bing,Plant/Bush/010601201201.png
010601201202,Plant,Bush,From_Bing,Plant/Bush/010601201202.png
010601201203,Plant,Bush,From_Bing,Plant/Bush/010601201203.png
010601201204,Plant,Bush,From_Bing,Plant/Bush/010601201204.png
010601201205,Plant,Bush,From_Bing,Plant/Bush/010601201205.png
010601201206,Plant,Bush,From_Bing,Plant/Bush/010601201206.png
010601201207,Plant,Bush,From_Bing,Plant/Bush/010601201207.png
010601201208,Plant,Bush,From_Bing,Plant/Bush/010601201208.png
010601201209,Plant,Bush,From_Bing,Plant/Bush/010601201209.png
010601201210,Plant,Bush,From_Bing,Plant/Bush/010601201210.png
010601301211,Plant,Cactus,From_Bing,Plant/Cactus/010601301211.png
010601301212,Plant,Cactus,From_Bing,Plant/Cactus/010601301212.png
010601301213,Plant,Cactus,From_Bing,Plant/Cactus/010601301213.png
010601301214,Plant,Cactus,From_Bing,Plant/Cactus/010601301214.png
010601301215,Plant,Cactus,From_Bing,Plant/Cactus/010601301215.png
010601301216,Plant,Cactus,From_Bing,Plant/Cactus/010601301216.png
010601301217,Plant,Cactus,From_Bing,Plant/Cactus/010601301217.png
010601301218,Plant,Cactus,From_Bing,Plant/Cactus/010601301218.png
010601301219,Plant,Cactus,From_Bing,Plant/Cactus/010601301219.png
010601301220,Plant,Cactus,From_Bing,Plant/Cactus/010601301220.png
010601301221,Plant,Cactus,From_Bing,Plant/Cactus/010601301221.png
010601301222,Plant,Cactus,From_Bing,Plant/Cactus/010601301222.png
010613702677,Plant,Cartoon Plant,From_Bing,Plant/Cartoon Plant/010613702677.png
010613702678,Plant,Cartoon Plant,From_Bing,Plant/Cartoon Plant/010613702678.png
010613702679,Plant,Cartoon Plant,From_Bing,Plant/Cartoon Plant/010613702679.png
010613702680,Plant,Cartoon Plant,From_Bing,Plant/Cartoon Plant/010613702680.png
010613702681,Plant,Cartoon Plant,From_Bing,Plant/Cartoon Plant/010613702681.png
010613702682,Plant,Cartoon Plant,From_Bing,Plant/Cartoon Plant/010613702682.png
010613702683,Plant,Cartoon Plant,From_Bing,Plant/Cartoon Plant/010613702683.png
010613702684,Plant,Cartoon Plant,From_Bing,Plant/Cartoon Plant/010613702684.png
010613702685,Plant,Cartoon Plant,From_Bing,Plant/Cartoon Plant/010613702685.png
010613702686,Plant,Cartoon Plant,From_Bing,Plant/Cartoon Plant/010613702686.png
010613702687,Plant,Cartoon Plant,From_Bing,Plant/Cartoon Plant/010613702687.png
010602701224,Plant,Crop,From_Bing,Plant/Crop/010602701224.png
010602701225,Plant,Crop,From_Bing,Plant/Crop/010602701225.png
010603601229,Plant,Fern,From_Bing,Plant/Fern/010603601229.png
010603601230,Plant,Fern,From_Bing,Plant/Fern/010603601230.png
010603601231,Plant,Fern,From_Bing,Plant/Fern/010603601231.png
010603601232,Plant,Fern,From_Bing,Plant/Fern/010603601232.png
010603601233,Plant,Fern,From_Bing,Plant/Fern/010603601233.png
010603601235,Plant,Fern,From_Bing,Plant/Fern/010603601235.png
010603601239,Plant,Fern,From_Bing,Plant/Fern/010603601239.png
010603701240,Plant,Flower,From_Bing,Plant/Flower/010603701240.png
010603701241,Plant,Flower,From_Bing,Plant/Flower/010603701241.png
010603701242,Plant,Flower,From_Bing,Plant/Flower/010603701242.png
010603701243,Plant,Flower,From_Bing,Plant/Flower/010603701243.png
010603701244,Plant,Flower,From_Bing,Plant/Flower/010603701244.png
010603701245,Plant,Flower,From_Bing,Plant/Flower/010603701245.png
010603701246,Plant,Flower,From_Bing,Plant/Flower/010603701246.png
010603701247,Plant,Flower,From_Bing,Plant/Flower/010603701247.png
010603701248,Plant,Flower,From_Bing,Plant/Flower/010603701248.png
010603701249,Plant,Flower,From_Bing,Plant/Flower/010603701249.png
010603701250,Plant,Flower,From_Bing,Plant/Flower/010603701250.png
010603701251,Plant,Flower,From_Bing,Plant/Flower/010603701251.png
010603701252,Plant,Flower,From_Bing,Plant/Flower/010603701252.png
010603701253,Plant,Flower,From_Bing,Plant/Flower/010603701253.png
010603701254,Plant,Flower,From_Bing,Plant/Flower/010603701254.png
010603701255,Plant,Flower,From_Bing,Plant/Flower/010603701255.png
010603701256,Plant,Flower,From_Bing,Plant/Flower/010603701256.png
010603701257,Plant,Flower,From_Bing,Plant/Flower/010603701257.png
010603701258,Plant,Flower,From_Bing,Plant/Flower/010603701258.png
010603701259,Plant,Flower,From_Bing,Plant/Flower/010603701259.png
010603701260,Plant,Flower,From_Bing,Plant/Flower/010603701260.png
010603701261,Plant,Flower,From_Bing,Plant/Flower/010603701261.png
010603701262,Plant,Flower,From_Bing,Plant/Flower/010603701262.png
010603701263,Plant,Flower,From_Bing,Plant/Flower/010603701263.png
010603701264,Plant,Flower,From_Bing,Plant/Flower/010603701264.png
010603701265,Plant,Flower,From_Bing,Plant/Flower/010603701265.png
010603701266,Plant,Flower,From_Bing,Plant/Flower/010603701266.png
010603701267,Plant,Flower,From_Bing,Plant/Flower/010603701267.png
010603701268,Plant,Flower,From_Bing,Plant/Flower/010603701268.png
010603701269,Plant,Flower,From_Bing,Plant/Flower/010603701269.png
010603701270,Plant,Flower,From_Bing,Plant/Flower/010603701270.png
010603701271,Plant,Flower,From_Bing,Plant/Flower/010603701271.png
010603701272,Plant,Flower,From_Bing,Plant/Flower/010603701272.png
010603701273,Plant,Flower,From_Bing,Plant/Flower/010603701273.png
010603701274,Plant,Flower,From_Bing,Plant/Flower/010603701274.png
040603701275,Plant,Flower,From_Kiani1000,Plant/Flower/040603701275.png
040603701276,Plant,Flower,From_Kiani1000,Plant/Flower/040603701276.png
010603702186,Plant,Flower,From_Bing,Plant/Flower/010603702186.png
010603702187,Plant,Flower,From_Bing,Plant/Flower/010603702187.png
010603702188,Plant,Flower,From_Bing,Plant/Flower/010603702188.png
010603702189,Plant,Flower,From_Bing,Plant/Flower/010603702189.png
010603702190,Plant,Flower,From_Bing,Plant/Flower/010603702190.png
010603702191,Plant,Flower,From_Bing,Plant/Flower/010603702191.png
010603702192,Plant,Flower,From_Bing,Plant/Flower/010603702192.png
010603702193,Plant,Flower,From_Bing,Plant/Flower/010603702193.png
010603702194,Plant,Flower,From_Bing,Plant/Flower/010603702194.png
010603702195,Plant,Flower,From_Bing,Plant/Flower/010603702195.png
010603702196,Plant,Flower,From_Bing,Plant/Flower/010603702196.png
010603702197,Plant,Flower,From_Bing,Plant/Flower/010603702197.png
010603702198,Plant,Flower,From_Bing,Plant/Flower/010603702198.png
010603702199,Plant,Flower,From_Bing,Plant/Flower/010603702199.png
010603702200,Plant,Flower,From_Bing,Plant/Flower/010603702200.png
010603702201,Plant,Flower,From_Bing,Plant/Flower/010603702201.png
010605101277,Plant,Leaf,From_Bing,Plant/Leaf/010605101277.png
010605101278,Plant,Leaf,From_Bing,Plant/Leaf/010605101278.png
010605101279,Plant,Leaf,From_Bing,Plant/Leaf/010605101279.png
010605101280,Plant,Leaf,From_Bing,Plant/Leaf/010605101280.png
010605101281,Plant,Leaf,From_Bing,Plant/Leaf/010605101281.png
010605101282,Plant,Leaf,From_Bing,Plant/Leaf/010605101282.png
010605101283,Plant,Leaf,From_Bing,Plant/Leaf/010605101283.png
010605101284,Plant,Leaf,From_Bing,Plant/Leaf/010605101284.png
010605101285,Plant,Leaf,From_Bing,Plant/Leaf/010605101285.png
010605101286,Plant,Leaf,From_Bing,Plant/Leaf/010605101286.png
010605101287,Plant,Leaf,From_Bing,Plant/Leaf/010605101287.png
010605101288,Plant,Leaf,From_Bing,Plant/Leaf/010605101288.png
010605101289,Plant,Leaf,From_Bing,Plant/Leaf/010605101289.png
010605101290,Plant,Leaf,From_Bing,Plant/Leaf/010605101290.png
010605101291,Plant,Leaf,From_Bing,Plant/Leaf/010605101291.png
010605101292,Plant,Leaf,From_Bing,Plant/Leaf/010605101292.png
010605101293,Plant,Leaf,From_Bing,Plant/Leaf/010605101293.png
010605101294,Plant,Leaf,From_Bing,Plant/Leaf/010605101294.png
010605101295,Plant,Leaf,From_Bing,Plant/Leaf/010605101295.png
010605101296,Plant,Leaf,From_Bing,Plant/Leaf/010605101296.png
010605101297,Plant,Leaf,From_Bing,Plant/Leaf/010605101297.png
010605101298,Plant,Leaf,From_Bing,Plant/Leaf/010605101298.png
010605101299,Plant,Leaf,From_Bing,Plant/Leaf/010605101299.png
010605101300,Plant,Leaf,From_Bing,Plant/Leaf/010605101300.png
010605101301,Plant,Leaf,From_Bing,Plant/Leaf/010605101301.png
040605101302,Plant,Leaf,From_Kiani1000,Plant/Leaf/040605101302.png
040605101303,Plant,Leaf,From_Kiani1000,Plant/Leaf/040605101303.png
040605101304,Plant,Leaf,From_Kiani1000,Plant/Leaf/040605101304.png
040605101305,Plant,Leaf,From_Kiani1000,Plant/Leaf/040605101305.png
040605101306,Plant,Leaf,From_Kiani1000,Plant/Leaf/040605101306.png
010607501307,Plant,Pine tree branch,From_Bing,Plant/Pine tree branch/010607501307.png
010607501308,Plant,Pine tree branch,From_Bing,Plant/Pine tree branch/010607501308.png
010607501309,Plant,Pine tree branch,From_Bing,Plant/Pine tree branch/010607501309.png
010607501310,Plant,Pine tree branch,From_Bing,Plant/Pine tree branch/010607501310.png
010607501312,Plant,Pine tree branch,From_Bing,Plant/Pine tree branch/010607501312.png
010607501313,Plant,Pine tree branch,From_Bing,Plant/Pine tree branch/010607501313.png
010607501314,Plant,Pine tree branch,From_Bing,Plant/Pine tree branch/010607501314.png
010609901315,Plant,Succulent,From_Bing,Plant/Succulent/010609901315.png
010609901316,Plant,Succulent,From_Bing,Plant/Succulent/010609901316.png
010609901317,Plant,Succulent,From_Bing,Plant/Succulent/010609901317.png
010609901318,Plant,Succulent,From_Bing,Plant/Succulent/010609901318.png
010609901319,Plant,Succulent,From_Bing,Plant/Succulent/010609901319.png
010609901320,Plant,Succulent,From_Bing,Plant/Succulent/010609901320.png
010609902531,Plant,Succulent,From_Bing,Plant/Succulent/010609902531.png
010609902532,Plant,Succulent,From_Bing,Plant/Succulent/010609902532.png
010609902533,Plant,Succulent,From_Bing,Plant/Succulent/010609902533.png
010609902534,Plant,Succulent,From_Bing,Plant/Succulent/010609902534.png
010611602202,Plant,Unclassified Plant,From_Bing,Plant/Unclassified Plant/010611602202.png
010611602203,Plant,Unclassified Plant,From_Bing,Plant/Unclassified Plant/010611602203.png
010611602204,Plant,Unclassified Plant,From_Bing,Plant/Unclassified Plant/010611602204.png
010611602205,Plant,Unclassified Plant,From_Bing,Plant/Unclassified Plant/010611602205.png
010611602206,Plant,Unclassified Plant,From_Bing,Plant/Unclassified Plant/010611602206.png
010611602207,Plant,Unclassified Plant,From_Bing,Plant/Unclassified Plant/010611602207.png
010611602208,Plant,Unclassified Plant,From_Bing,Plant/Unclassified Plant/010611602208.png
010611602209,Plant,Unclassified Plant,From_Bing,Plant/Unclassified Plant/010611602209.png
010611602210,Plant,Unclassified Plant,From_Bing,Plant/Unclassified Plant/010611602210.png
010611602211,Plant,Unclassified Plant,From_Bing,Plant/Unclassified Plant/010611602211.png
010611602212,Plant,Unclassified Plant,From_Bing,Plant/Unclassified Plant/010611602212.png
010611602213,Plant,Unclassified Plant,From_Bing,Plant/Unclassified Plant/010611602213.png
010414102609,Reptile-Amphibian,Cartoon Reptile-Amphibian,From_Bing,Reptile-Amphibian/Cartoon Reptile-Amphibian/010414102609.png
010414102610,Reptile-Amphibian,Cartoon Reptile-Amphibian,From_Bing,Reptile-Amphibian/Cartoon Reptile-Amphibian/010414102610.png
010414102611,Reptile-Amphibian,Cartoon Reptile-Amphibian,From_Bing,Reptile-Amphibian/Cartoon Reptile-Amphibian/010414102611.png
010414102612,Reptile-Amphibian,Cartoon Reptile-Amphibian,From_Bing,Reptile-Amphibian/Cartoon Reptile-Amphibian/010414102612.png
010414102613,Reptile-Amphibian,Cartoon Reptile-Amphibian,From_Bing,Reptile-Amphibian/Cartoon Reptile-Amphibian/010414102613.png
010414102614,Reptile-Amphibian,Cartoon Reptile-Amphibian,From_Bing,Reptile-Amphibian/Cartoon Reptile-Amphibian/010414102614.png
010402101321,Reptile-Amphibian,Chameleon,From_Bing,Reptile-Amphibian/Chameleon/010402101321.png
010402101322,Reptile-Amphibian,Chameleon,From_Bing,Reptile-Amphibian/Chameleon/010402101322.png
010402101324,Reptile-Amphibian,Chameleon,From_Bing,Reptile-Amphibian/Chameleon/010402101324.png
010402101325,Reptile-Amphibian,Chameleon,From_Bing,Reptile-Amphibian/Chameleon/010402101325.png
010402101326,Reptile-Amphibian,Chameleon,From_Bing,Reptile-Amphibian/Chameleon/010402101326.png
010402101327,Reptile-Amphibian,Chameleon,From_Bing,Reptile-Amphibian/Chameleon/010402101327.png
010402101328,Reptile-Amphibian,Chameleon,From_Bing,Reptile-Amphibian/Chameleon/010402101328.png
010402101329,Reptile-Amphibian,Chameleon,From_Bing,Reptile-Amphibian/Chameleon/010402101329.png
010402101330,Reptile-Amphibian,Chameleon,From_Bing,Reptile-Amphibian/Chameleon/010402101330.png
010402101331,Reptile-Amphibian,Chameleon,From_Bing,Reptile-Amphibian/Chameleon/010402101331.png
010402101332,Reptile-Amphibian,Chameleon,From_Bing,Reptile-Amphibian/Chameleon/010402101332.png
010402101333,Reptile-Amphibian,Chameleon,From_Bing,Reptile-Amphibian/Chameleon/010402101333.png
020402101334,Reptile-Amphibian,Chameleon,From_Pixbay,Reptile-Amphibian/Chameleon/020402101334.png
020402101335,Reptile-Amphibian,Chameleon,From_Pixbay,Reptile-Amphibian/Chameleon/020402101335.png
020402101336,Reptile-Amphibian,Chameleon,From_Pixbay,Reptile-Amphibian/Chameleon/020402101336.png
020402101337,Reptile-Amphibian,Chameleon,From_Pixbay,Reptile-Amphibian/Chameleon/020402101337.png
020402101339,Reptile-Amphibian,Chameleon,From_Pixbay,Reptile-Amphibian/Chameleon/020402101339.png
020402101340,Reptile-Amphibian,Chameleon,From_Pixbay,Reptile-Amphibian/Chameleon/020402101340.png
020402101343,Reptile-Amphibian,Chameleon,From_Pixbay,Reptile-Amphibian/Chameleon/020402101343.png
020402101346,Reptile-Amphibian,Chameleon,From_Pixbay,Reptile-Amphibian/Chameleon/020402101346.png
020402101348,Reptile-Amphibian,Chameleon,From_Pixbay,Reptile-Amphibian/Chameleon/020402101348.png
020402101351,Reptile-Amphibian,Chameleon,From_Pixbay,Reptile-Amphibian/Chameleon/020402101351.png
020402101352,Reptile-Amphibian,Chameleon,From_Pixbay,Reptile-Amphibian/Chameleon/020402101352.png
020402101353,Reptile-Amphibian,Chameleon,From_Pixbay,Reptile-Amphibian/Chameleon/020402101353.png
020402101359,Reptile-Amphibian,Chameleon,From_Pixbay,Reptile-Amphibian/Chameleon/020402101359.png
020402101360,Reptile-Amphibian,Chameleon,From_Pixbay,Reptile-Amphibian/Chameleon/020402101360.png
020402101361,Reptile-Amphibian,Chameleon,From_Pixbay,Reptile-Amphibian/Chameleon/020402101361.png
020402101362,Reptile-Amphibian,Chameleon,From_Pixbay,Reptile-Amphibian/Chameleon/020402101362.png
010402601363,Reptile-Amphibian,Crocodile,From_Bing,Reptile-Amphibian/Crocodile/010402601363.png
010402601364,Reptile-Amphibian,Crocodile,From_Bing,Reptile-Amphibian/Crocodile/010402601364.png
010402601365,Reptile-Amphibian,Crocodile,From_Bing,Reptile-Amphibian/Crocodile/010402601365.png
010402601366,Reptile-Amphibian,Crocodile,From_Bing,Reptile-Amphibian/Crocodile/010402601366.png
010402601367,Reptile-Amphibian,Crocodile,From_Bing,Reptile-Amphibian/Crocodile/010402601367.png
010402601368,Reptile-Amphibian,Crocodile,From_Bing,Reptile-Amphibian/Crocodile/010402601368.png
020402601372,Reptile-Amphibian,Crocodile,From_Pixbay,Reptile-Amphibian/Crocodile/020402601372.png
020402601375,Reptile-Amphibian,Crocodile,From_Pixbay,Reptile-Amphibian/Crocodile/020402601375.png
020402601376,Reptile-Amphibian,Crocodile,From_Pixbay,Reptile-Amphibian/Crocodile/020402601376.png
020402601378,Reptile-Amphibian,Crocodile,From_Pixbay,Reptile-Amphibian/Crocodile/020402601378.png
020402601379,Reptile-Amphibian,Crocodile,From_Pixbay,Reptile-Amphibian/Crocodile/020402601379.png
020402601381,Reptile-Amphibian,Crocodile,From_Pixbay,Reptile-Amphibian/Crocodile/020402601381.png
020402601384,Reptile-Amphibian,Crocodile,From_Pixbay,Reptile-Amphibian/Crocodile/020402601384.png
020402601386,Reptile-Amphibian,Crocodile,From_Pixbay,Reptile-Amphibian/Crocodile/020402601386.png
010403901389,Reptile-Amphibian,Frog,From_Bing,Reptile-Amphibian/Frog/010403901389.png
010403901390,Reptile-Amphibian,Frog,From_Bing,Reptile-Amphibian/Frog/010403901390.png
010403901391,Reptile-Amphibian,Frog,From_Bing,Reptile-Amphibian/Frog/010403901391.png
010403901392,Reptile-Amphibian,Frog,From_Bing,Reptile-Amphibian/Frog/010403901392.png
010403901393,Reptile-Amphibian,Frog,From_Bing,Reptile-Amphibian/Frog/010403901393.png
010403901394,Reptile-Amphibian,Frog,From_Bing,Reptile-Amphibian/Frog/010403901394.png
010403901395,Reptile-Amphibian,Frog,From_Bing,Reptile-Amphibian/Frog/010403901395.png
010403901396,Reptile-Amphibian,Frog,From_Bing,Reptile-Amphibian/Frog/010403901396.png
010403901397,Reptile-Amphibian,Frog,From_Bing,Reptile-Amphibian/Frog/010403901397.png
020403901398,Reptile-Amphibian,Frog,From_Pixbay,Reptile-Amphibian/Frog/020403901398.png
020403901399,Reptile-Amphibian,Frog,From_Pixbay,Reptile-Amphibian/Frog/020403901399.png
020403901400,Reptile-Amphibian,Frog,From_Pixbay,Reptile-Amphibian/Frog/020403901400.png
020403901401,Reptile-Amphibian,Frog,From_Pixbay,Reptile-Amphibian/Frog/020403901401.png
020403901402,Reptile-Amphibian,Frog,From_Pixbay,Reptile-Amphibian/Frog/020403901402.png
020403901403,Reptile-Amphibian,Frog,From_Pixbay,Reptile-Amphibian/Frog/020403901403.png
020403901404,Reptile-Amphibian,Frog,From_Pixbay,Reptile-Amphibian/Frog/020403901404.png
020403901405,Reptile-Amphibian,Frog,From_Pixbay,Reptile-Amphibian/Frog/020403901405.png
020403901406,Reptile-Amphibian,Frog,From_Pixbay,Reptile-Amphibian/Frog/020403901406.png
020403901407,Reptile-Amphibian,Frog,From_Pixbay,Reptile-Amphibian/Frog/020403901407.png
020403901408,Reptile-Amphibian,Frog,From_Pixbay,Reptile-Amphibian/Frog/020403901408.png
020403901409,Reptile-Amphibian,Frog,From_Pixbay,Reptile-Amphibian/Frog/020403901409.png
020403901410,Reptile-Amphibian,Frog,From_Pixbay,Reptile-Amphibian/Frog/020403901410.png
020403901411,Reptile-Amphibian,Frog,From_Pixbay,Reptile-Amphibian/Frog/020403901411.png
020403901412,Reptile-Amphibian,Frog,From_Pixbay,Reptile-Amphibian/Frog/020403901412.png
020403901413,Reptile-Amphibian,Frog,From_Pixbay,Reptile-Amphibian/Frog/020403901413.png
020403901414,Reptile-Amphibian,Frog,From_Pixbay,Reptile-Amphibian/Frog/020403901414.png
020403901415,Reptile-Amphibian,Frog,From_Pixbay,Reptile-Amphibian/Frog/020403901415.png
020403901416,Reptile-Amphibian,Frog,From_Pixbay,Reptile-Amphibian/Frog/020403901416.png
020403901417,Reptile-Amphibian,Frog,From_Pixbay,Reptile-Amphibian/Frog/020403901417.png
020403901419,Reptile-Amphibian,Frog,From_Pixbay,Reptile-Amphibian/Frog/020403901419.png
020403901420,Reptile-Amphibian,Frog,From_Pixbay,Reptile-Amphibian/Frog/020403901420.png
020403901422,Reptile-Amphibian,Frog,From_Pixbay,Reptile-Amphibian/Frog/020403901422.png
020403901423,Reptile-Amphibian,Frog,From_Pixbay,Reptile-Amphibian/Frog/020403901423.png
020403901424,Reptile-Amphibian,Frog,From_Pixbay,Reptile-Amphibian/Frog/020403901424.png
040403901425,Reptile-Amphibian,Frog,From_Kiani1000,Reptile-Amphibian/Frog/040403901425.png
040403901426,Reptile-Amphibian,Frog,From_Kiani1000,Reptile-Amphibian/Frog/040403901426.png
010405301427,Reptile-Amphibian,Lizard,From_Bing,Reptile-Amphibian/Lizard/010405301427.png
010405301428,Reptile-Amphibian,Lizard,From_Bing,Reptile-Amphibian/Lizard/010405301428.png
010405301429,Reptile-Amphibian,Lizard,From_Bing,Reptile-Amphibian/Lizard/010405301429.png
010405301430,Reptile-Amphibian,Lizard,From_Bing,Reptile-Amphibian/Lizard/010405301430.png
010405301431,Reptile-Amphibian,Lizard,From_Bing,Reptile-Amphibian/Lizard/010405301431.png
010405301432,Reptile-Amphibian,Lizard,From_Bing,Reptile-Amphibian/Lizard/010405301432.png
010405301433,Reptile-Amphibian,Lizard,From_Bing,Reptile-Amphibian/Lizard/010405301433.png
010405301434,Reptile-Amphibian,Lizard,From_Bing,Reptile-Amphibian/Lizard/010405301434.png
010405301435,Reptile-Amphibian,Lizard,From_Bing,Reptile-Amphibian/Lizard/010405301435.png
010405301436,Reptile-Amphibian,Lizard,From_Bing,Reptile-Amphibian/Lizard/010405301436.png
010405301437,Reptile-Amphibian,Lizard,From_Bing,Reptile-Amphibian/Lizard/010405301437.png
010405301438,Reptile-Amphibian,Lizard,From_Bing,Reptile-Amphibian/Lizard/010405301438.png
010405301439,Reptile-Amphibian,Lizard,From_Bing,Reptile-Amphibian/Lizard/010405301439.png
010405301442,Reptile-Amphibian,Lizard,From_Bing,Reptile-Amphibian/Lizard/010405301442.png
010405301443,Reptile-Amphibian,Lizard,From_Bing,Reptile-Amphibian/Lizard/010405301443.png
020405301446,Reptile-Amphibian,Lizard,From_Pixbay,Reptile-Amphibian/Lizard/020405301446.png
020405301448,Reptile-Amphibian,Lizard,From_Pixbay,Reptile-Amphibian/Lizard/020405301448.png
020405301450,Reptile-Amphibian,Lizard,From_Pixbay,Reptile-Amphibian/Lizard/020405301450.png
020405301453,Reptile-Amphibian,Lizard,From_Pixbay,Reptile-Amphibian/Lizard/020405301453.png
010405302688,Reptile-Amphibian,Lizard,From_Bing,Reptile-Amphibian/Lizard/010405302688.png
010405302689,Reptile-Amphibian,Lizard,From_Bing,Reptile-Amphibian/Lizard/010405302689.png
010405302690,Reptile-Amphibian,Lizard,From_Bing,Reptile-Amphibian/Lizard/010405302690.png
010405302691,Reptile-Amphibian,Lizard,From_Bing,Reptile-Amphibian/Lizard/010405302691.png
010409401458,Reptile-Amphibian,Snake,From_Bing,Reptile-Amphibian/Snake/010409401458.png
010409401459,Reptile-Amphibian,Snake,From_Bing,Reptile-Amphibian/Snake/010409401459.png
010409401460,Reptile-Amphibian,Snake,From_Bing,Reptile-Amphibian/Snake/010409401460.png
010409401461,Reptile-Amphibian,Snake,From_Bing,Reptile-Amphibian/Snake/010409401461.png
010409401462,Reptile-Amphibian,Snake,From_Bing,Reptile-Amphibian/Snake/010409401462.png
010409401463,Reptile-Amphibian,Snake,From_Bing,Reptile-Amphibian/Snake/010409401463.png
010409401464,Reptile-Amphibian,Snake,From_Bing,Reptile-Amphibian/Snake/010409401464.png
010409401465,Reptile-Amphibian,Snake,From_Bing,Reptile-Amphibian/Snake/010409401465.png
010409401466,Reptile-Amphibian,Snake,From_Bing,Reptile-Amphibian/Snake/010409401466.png
010409401467,Reptile-Amphibian,Snake,From_Bing,Reptile-Amphibian/Snake/010409401467.png
010409401468,Reptile-Amphibian,Snake,From_Bing,Reptile-Amphibian/Snake/010409401468.png
010409401469,Reptile-Amphibian,Snake,From_Bing,Reptile-Amphibian/Snake/010409401469.png
010409401470,Reptile-Amphibian,Snake,From_Bing,Reptile-Amphibian/Snake/010409401470.png
010409401471,Reptile-Amphibian,Snake,From_Bing,Reptile-Amphibian/Snake/010409401471.png
010409401472,Reptile-Amphibian,Snake,From_Bing,Reptile-Amphibian/Snake/010409401472.png
010409401473,Reptile-Amphibian,Snake,From_Bing,Reptile-Amphibian/Snake/010409401473.png
010409401474,Reptile-Amphibian,Snake,From_Bing,Reptile-Amphibian/Snake/010409401474.png
020409401475,Reptile-Amphibian,Snake,From_Pixbay,Reptile-Amphibian/Snake/020409401475.png
020409401476,Reptile-Amphibian,Snake,From_Pixbay,Reptile-Amphibian/Snake/020409401476.png
020409401477,Reptile-Amphibian,Snake,From_Pixbay,Reptile-Amphibian/Snake/020409401477.png
020409401478,Reptile-Amphibian,Snake,From_Pixbay,Reptile-Amphibian/Snake/020409401478.png
020409401479,Reptile-Amphibian,Snake,From_Pixbay,Reptile-Amphibian/Snake/020409401479.png
020409401480,Reptile-Amphibian,Snake,From_Pixbay,Reptile-Amphibian/Snake/020409401480.png
020409401481,Reptile-Amphibian,Snake,From_Pixbay,Reptile-Amphibian/Snake/020409401481.png
020409401482,Reptile-Amphibian,Snake,From_Pixbay,Reptile-Amphibian/Snake/020409401482.png
020409401483,Reptile-Amphibian,Snake,From_Pixbay,Reptile-Amphibian/Snake/020409401483.png
020409401484,Reptile-Amphibian,Snake,From_Pixbay,Reptile-Amphibian/Snake/020409401484.png
020409401485,Reptile-Amphibian,Snake,From_Pixbay,Reptile-Amphibian/Snake/020409401485.png
020409401486,Reptile-Amphibian,Snake,From_Pixbay,Reptile-Amphibian/Snake/020409401486.png
020409401487,Reptile-Amphibian,Snake,From_Pixbay,Reptile-Amphibian/Snake/020409401487.png
020409401488,Reptile-Amphibian,Snake,From_Pixbay,Reptile-Amphibian/Snake/020409401488.png
020409401489,Reptile-Amphibian,Snake,From_Pixbay,Reptile-Amphibian/Snake/020409401489.png
020409401490,Reptile-Amphibian,Snake,From_Pixbay,Reptile-Amphibian/Snake/020409401490.png
020409401491,Reptile-Amphibian,Snake,From_Pixbay,Reptile-Amphibian/Snake/020409401491.png
020409401492,Reptile-Amphibian,Snake,From_Pixbay,Reptile-Amphibian/Snake/020409401492.png
020409401493,Reptile-Amphibian,Snake,From_Pixbay,Reptile-Amphibian/Snake/020409401493.png
020409401494,Reptile-Amphibian,Snake,From_Pixbay,Reptile-Amphibian/Snake/020409401494.png
020409401495,Reptile-Amphibian,Snake,From_Pixbay,Reptile-Amphibian/Snake/020409401495.png
020409401496,Reptile-Amphibian,Snake,From_Pixbay,Reptile-Amphibian/Snake/020409401496.png
020409401497,Reptile-Amphibian,Snake,From_Pixbay,Reptile-Amphibian/Snake/020409401497.png
020409401498,Reptile-Amphibian,Snake,From_Pixbay,Reptile-Amphibian/Snake/020409401498.png
020409401499,Reptile-Amphibian,Snake,From_Pixbay,Reptile-Amphibian/Snake/020409401499.png
020409401500,Reptile-Amphibian,Snake,From_Pixbay,Reptile-Amphibian/Snake/020409401500.png
020409401501,Reptile-Amphibian,Snake,From_Pixbay,Reptile-Amphibian/Snake/020409401501.png
020409401502,Reptile-Amphibian,Snake,From_Pixbay,Reptile-Amphibian/Snake/020409401502.png
020409401503,Reptile-Amphibian,Snake,From_Pixbay,Reptile-Amphibian/Snake/020409401503.png
020409401504,Reptile-Amphibian,Snake,From_Pixbay,Reptile-Amphibian/Snake/020409401504.png
020409401505,Reptile-Amphibian,Snake,From_Pixbay,Reptile-Amphibian/Snake/020409401505.png
020409401506,Reptile-Amphibian,Snake,From_Pixbay,Reptile-Amphibian/Snake/020409401506.png
020409401507,Reptile-Amphibian,Snake,From_Pixbay,Reptile-Amphibian/Snake/020409401507.png
020409401508,Reptile-Amphibian,Snake,From_Pixbay,Reptile-Amphibian/Snake/020409401508.png
040409401509,Reptile-Amphibian,Snake,From_Kiani1000,Reptile-Amphibian/Snake/040409401509.png
040409401510,Reptile-Amphibian,Snake,From_Kiani1000,Reptile-Amphibian/Snake/040409401510.png
010410501511,Reptile-Amphibian,Toad,From_Bing,Reptile-Amphibian/Toad/010410501511.png
010410501512,Reptile-Amphibian,Toad,From_Bing,Reptile-Amphibian/Toad/010410501512.png
010410501513,Reptile-Amphibian,Toad,From_Bing,Reptile-Amphibian/Toad/010410501513.png
010410501514,Reptile-Amphibian,Toad,From_Bing,Reptile-Amphibian/Toad/010410501514.png
010410501515,Reptile-Amphibian,Toad,From_Bing,Reptile-Amphibian/Toad/010410501515.png
010410501516,Reptile-Amphibian,Toad,From_Bing,Reptile-Amphibian/Toad/010410501516.png
010410501517,Reptile-Amphibian,Toad,From_Bing,Reptile-Amphibian/Toad/010410501517.png
010410701518,Reptile-Amphibian,Turtle,From_Bing,Reptile-Amphibian/Turtle/010410701518.png
010410701519,Reptile-Amphibian,Turtle,From_Bing,Reptile-Amphibian/Turtle/010410701519.png
010410701520,Reptile-Amphibian,Turtle,From_Bing,Reptile-Amphibian/Turtle/010410701520.png
010410701521,Reptile-Amphibian,Turtle,From_Bing,Reptile-Amphibian/Turtle/010410701521.png
010410701522,Reptile-Amphibian,Turtle,From_Bing,Reptile-Amphibian/Turtle/010410701522.png
010410701523,Reptile-Amphibian,Turtle,From_Bing,Reptile-Amphibian/Turtle/010410701523.png
010410701524,Reptile-Amphibian,Turtle,From_Bing,Reptile-Amphibian/Turtle/010410701524.png
010410701525,Reptile-Amphibian,Turtle,From_Bing,Reptile-Amphibian/Turtle/010410701525.png
010410701526,Reptile-Amphibian,Turtle,From_Bing,Reptile-Amphibian/Turtle/010410701526.png
010410701527,Reptile-Amphibian,Turtle,From_Bing,Reptile-Amphibian/Turtle/010410701527.png
010410701528,Reptile-Amphibian,Turtle,From_Bing,Reptile-Amphibian/Turtle/010410701528.png
010410701529,Reptile-Amphibian,Turtle,From_Bing,Reptile-Amphibian/Turtle/010410701529.png
010410701530,Reptile-Amphibian,Turtle,From_Bing,Reptile-Amphibian/Turtle/010410701530.png
010410701531,Reptile-Amphibian,Turtle,From_Bing,Reptile-Amphibian/Turtle/010410701531.png
010410701532,Reptile-Amphibian,Turtle,From_Bing,Reptile-Amphibian/Turtle/010410701532.png
010410701533,Reptile-Amphibian,Turtle,From_Bing,Reptile-Amphibian/Turtle/010410701533.png
010410701534,Reptile-Amphibian,Turtle,From_Bing,Reptile-Amphibian/Turtle/010410701534.png
010410701535,Reptile-Amphibian,Turtle,From_Bing,Reptile-Amphibian/Turtle/010410701535.png
010410701536,Reptile-Amphibian,Turtle,From_Bing,Reptile-Amphibian/Turtle/010410701536.png
010410701537,Reptile-Amphibian,Turtle,From_Bing,Reptile-Amphibian/Turtle/010410701537.png
010410701538,Reptile-Amphibian,Turtle,From_Bing,Reptile-Amphibian/Turtle/010410701538.png
010410701539,Reptile-Amphibian,Turtle,From_Bing,Reptile-Amphibian/Turtle/010410701539.png
020410701540,Reptile-Amphibian,Turtle,From_Pixbay,Reptile-Amphibian/Turtle/020410701540.png
020410701541,Reptile-Amphibian,Turtle,From_Pixbay,Reptile-Amphibian/Turtle/020410701541.png
020410701542,Reptile-Amphibian,Turtle,From_Pixbay,Reptile-Amphibian/Turtle/020410701542.png
020410701543,Reptile-Amphibian,Turtle,From_Pixbay,Reptile-Amphibian/Turtle/020410701543.png
020410701544,Reptile-Amphibian,Turtle,From_Pixbay,Reptile-Amphibian/Turtle/020410701544.png
020410701545,Reptile-Amphibian,Turtle,From_Pixbay,Reptile-Amphibian/Turtle/020410701545.png
020410701546,Reptile-Amphibian,Turtle,From_Pixbay,Reptile-Amphibian/Turtle/020410701546.png
020410701547,Reptile-Amphibian,Turtle,From_Pixbay,Reptile-Amphibian/Turtle/020410701547.png
020410701548,Reptile-Amphibian,Turtle,From_Pixbay,Reptile-Amphibian/Turtle/020410701548.png
020410701549,Reptile-Amphibian,Turtle,From_Pixbay,Reptile-Amphibian/Turtle/020410701549.png
020410701550,Reptile-Amphibian,Turtle,From_Pixbay,Reptile-Amphibian/Turtle/020410701550.png
020410701551,Reptile-Amphibian,Turtle,From_Pixbay,Reptile-Amphibian/Turtle/020410701551.png
020410701552,Reptile-Amphibian,Turtle,From_Pixbay,Reptile-Amphibian/Turtle/020410701552.png
020410701553,Reptile-Amphibian,Turtle,From_Pixbay,Reptile-Amphibian/Turtle/020410701553.png
020410701554,Reptile-Amphibian,Turtle,From_Pixbay,Reptile-Amphibian/Turtle/020410701554.png
020410701555,Reptile-Amphibian,Turtle,From_Pixbay,Reptile-Amphibian/Turtle/020410701555.png
020410701556,Reptile-Amphibian,Turtle,From_Pixbay,Reptile-Amphibian/Turtle/020410701556.png
020410701557,Reptile-Amphibian,Turtle,From_Pixbay,Reptile-Amphibian/Turtle/020410701557.png
020410701558,Reptile-Amphibian,Turtle,From_Pixbay,Reptile-Amphibian/Turtle/020410701558.png
020410701559,Reptile-Amphibian,Turtle,From_Pixbay,Reptile-Amphibian/Turtle/020410701559.png
020410701560,Reptile-Amphibian,Turtle,From_Pixbay,Reptile-Amphibian/Turtle/020410701560.png
020410701561,Reptile-Amphibian,Turtle,From_Pixbay,Reptile-Amphibian/Turtle/020410701561.png
020410701562,Reptile-Amphibian,Turtle,From_Pixbay,Reptile-Amphibian/Turtle/020410701562.png
020410701563,Reptile-Amphibian,Turtle,From_Pixbay,Reptile-Amphibian/Turtle/020410701563.png
020410701564,Reptile-Amphibian,Turtle,From_Pixbay,Reptile-Amphibian/Turtle/020410701564.png
040410701565,Reptile-Amphibian,Turtle,From_Kiani1000,Reptile-Amphibian/Turtle/040410701565.png
010800301567,Tools-Everyday items,Ball,From_Bing,Tools-Everyday items/Ball/010800301567.png
010800301568,Tools-Everyday items,Ball,From_Bing,Tools-Everyday items/Ball/010800301568.png
010800301570,Tools-Everyday items,Ball,From_Bing,Tools-Everyday items/Ball/010800301570.png
010800302214,Tools-Everyday items,Ball,From_Bing,Tools-Everyday items/Ball/010800302214.png
010800302215,Tools-Everyday items,Ball,From_Bing,Tools-Everyday items/Ball/010800302215.png
010800302216,Tools-Everyday items,Ball,From_Bing,Tools-Everyday items/Ball/010800302216.png
010800601571,Tools-Everyday items,Bottle,From_Bing,Tools-Everyday items/Bottle/010800601571.png
010800601572,Tools-Everyday items,Bottle,From_Bing,Tools-Everyday items/Bottle/010800601572.png
010800601573,Tools-Everyday items,Bottle,From_Bing,Tools-Everyday items/Bottle/010800601573.png
010800601574,Tools-Everyday items,Bottle,From_Bing,Tools-Everyday items/Bottle/010800601574.png
010800601575,Tools-Everyday items,Bottle,From_Bing,Tools-Everyday items/Bottle/010800601575.png
010800601576,Tools-Everyday items,Bottle,From_Bing,Tools-Everyday items/Bottle/010800601576.png
010800601577,Tools-Everyday items,Bottle,From_Bing,Tools-Everyday items/Bottle/010800601577.png
010800601578,Tools-Everyday items,Bottle,From_Bing,Tools-Everyday items/Bottle/010800601578.png
010800601579,Tools-Everyday items,Bottle,From_Bing,Tools-Everyday items/Bottle/010800601579.png
010800601580,Tools-Everyday items,Bottle,From_Bing,Tools-Everyday items/Bottle/010800601580.png
010800601581,Tools-Everyday items,Bottle,From_Bing,Tools-Everyday items/Bottle/010800601581.png
010800601582,Tools-Everyday items,Bottle,From_Bing,Tools-Everyday items/Bottle/010800601582.png
010800701583,Tools-Everyday items,Bowl&Container,From_Bing,Tools-Everyday items/Bowl&Container/010800701583.png
010800701584,Tools-Everyday items,Bowl&Container,From_Bing,Tools-Everyday items/Bowl&Container/010800701584.png
010800701585,Tools-Everyday items,Bowl&Container,From_Bing,Tools-Everyday items/Bowl&Container/010800701585.png
010800701586,Tools-Everyday items,Bowl&Container,From_Bing,Tools-Everyday items/Bowl&Container/010800701586.png
010800701587,Tools-Everyday items,Bowl&Container,From_Bing,Tools-Everyday items/Bowl&Container/010800701587.png
010800701588,Tools-Everyday items,Bowl&Container,From_Bing,Tools-Everyday items/Bowl&Container/010800701588.png
010800701589,Tools-Everyday items,Bowl&Container,From_Bing,Tools-Everyday items/Bowl&Container/010800701589.png
010800701590,Tools-Everyday items,Bowl&Container,From_Bing,Tools-Everyday items/Bowl&Container/010800701590.png
010800701591,Tools-Everyday items,Bowl&Container,From_Bing,Tools-Everyday items/Bowl&Container/010800701591.png
010800701592,Tools-Everyday items,Bowl&Container,From_Bing,Tools-Everyday items/Bowl&Container/010800701592.png
010800701593,Tools-Everyday items,Bowl&Container,From_Bing,Tools-Everyday items/Bowl&Container/010800701593.png
010800701594,Tools-Everyday items,Bowl&Container,From_Bing,Tools-Everyday items/Bowl&Container/010800701594.png
010800701595,Tools-Everyday items,Bowl&Container,From_Bing,Tools-Everyday items/Bowl&Container/010800701595.png
010800701596,Tools-Everyday items,Bowl&Container,From_Bing,Tools-Everyday items/Bowl&Container/010800701596.png
010812102403,Tools-Everyday items,Box,From_Bing,Tools-Everyday items/Box/010812102403.png
010812102404,Tools-Everyday items,Box,From_Bing,Tools-Everyday items/Box/010812102404.png
010812102405,Tools-Everyday items,Box,From_Bing,Tools-Everyday items/Box/010812102405.png
010812102406,Tools-Everyday items,Box,From_Bing,Tools-Everyday items/Box/010812102406.png
010812102407,Tools-Everyday items,Box,From_Bing,Tools-Everyday items/Box/010812102407.png
010812102408,Tools-Everyday items,Box,From_Bing,Tools-Everyday items/Box/010812102408.png
010812102409,Tools-Everyday items,Box,From_Bing,Tools-Everyday items/Box/010812102409.png
010812102410,Tools-Everyday items,Box,From_Bing,Tools-Everyday items/Box/010812102410.png
010812102411,Tools-Everyday items,Box,From_Bing,Tools-Everyday items/Box/010812102411.png
010812102412,Tools-Everyday items,Box,From_Bing,Tools-Everyday items/Box/010812102412.png
010812102413,Tools-Everyday items,Box,From_Bing,Tools-Everyday items/Box/010812102413.png
010800901597,Tools-Everyday items,Broom&Dustpan,From_Bing,Tools-Everyday items/Broom&Dustpan/010800901597.png
010800901598,Tools-Everyday items,Broom&Dustpan,From_Bing,Tools-Everyday items/Broom&Dustpan/010800901598.png
010800901599,Tools-Everyday items,Broom&Dustpan,From_Bing,Tools-Everyday items/Broom&Dustpan/010800901599.png
010800901600,Tools-Everyday items,Broom&Dustpan,From_Bing,Tools-Everyday items/Broom&Dustpan/010800901600.png
010800901601,Tools-Everyday items,Broom&Dustpan,From_Bing,Tools-Everyday items/Broom&Dustpan/010800901601.png
010800901602,Tools-Everyday items,Broom&Dustpan,From_Bing,Tools-Everyday items/Broom&Dustpan/010800901602.png
010800901603,Tools-Everyday items,Broom&Dustpan,From_Bing,Tools-Everyday items/Broom&Dustpan/010800901603.png
010800901604,Tools-Everyday items,Broom&Dustpan,From_Bing,Tools-Everyday items/Broom&Dustpan/010800901604.png
010800901605,Tools-Everyday items,Broom&Dustpan,From_Bing,Tools-Everyday items/Broom&Dustpan/010800901605.png
010800901606,Tools-Everyday items,Broom&Dustpan,From_Bing,Tools-Everyday items/Broom&Dustpan/010800901606.png
010800901607,Tools-Everyday items,Broom&Dustpan,From_Bing,Tools-Everyday items/Broom&Dustpan/010800901607.png
010800901608,Tools-Everyday items,Broom&Dustpan,From_Bing,Tools-Everyday items/Broom&Dustpan/010800901608.png
010801001609,Tools-Everyday items,Bucket,From_Bing,Tools-Everyday items/Bucket/010801001609.png
010801001610,Tools-Everyday items,Bucket,From_Bing,Tools-Everyday items/Bucket/010801001610.png
010801001611,Tools-Everyday items,Bucket,From_Bing,Tools-Everyday items/Bucket/010801001611.png
010801001612,Tools-Everyday items,Bucket,From_Bing,Tools-Everyday items/Bucket/010801001612.png
010801001613,Tools-Everyday items,Bucket,From_Bing,Tools-Everyday items/Bucket/010801001613.png
010801001614,Tools-Everyday items,Bucket,From_Bing,Tools-Everyday items/Bucket/010801001614.png
010801001615,Tools-Everyday items,Bucket,From_Bing,Tools-Everyday items/Bucket/010801001615.png
040801001616,Tools-Everyday items,Bucket,From_Kiani1000,Tools-Everyday items/Bucket/040801001616.png
010801701617,Tools-Everyday items,Cart,From_Bing,Tools-Everyday items/Cart/010801701617.png
010801701618,Tools-Everyday items,Cart,From_Bing,Tools-Everyday items/Cart/010801701618.png
010801701619,Tools-Everyday items,Cart,From_Bing,Tools-Everyday items/Cart/010801701619.png
010801701620,Tools-Everyday items,Cart,From_Bing,Tools-Everyday items/Cart/010801701620.png
010801701621,Tools-Everyday items,Cart,From_Bing,Tools-Everyday items/Cart/010801701621.png
010801701622,Tools-Everyday items,Cart,From_Bing,Tools-Everyday items/Cart/010801701622.png
010801701623,Tools-Everyday items,Cart,From_Bing,Tools-Everyday items/Cart/010801701623.png
010801701624,Tools-Everyday items,Cart,From_Bing,Tools-Everyday items/Cart/010801701624.png
010801701625,Tools-Everyday items,Cart,From_Bing,Tools-Everyday items/Cart/010801701625.png
010801701626,Tools-Everyday items,Cart,From_Bing,Tools-Everyday items/Cart/010801701626.png
010801701627,Tools-Everyday items,Cart,From_Bing,Tools-Everyday items/Cart/010801701627.png
010801701628,Tools-Everyday items,Cart,From_Bing,Tools-Everyday items/Cart/010801701628.png
010801701629,Tools-Everyday items,Cart,From_Bing,Tools-Everyday items/Cart/010801701629.png
010801701630,Tools-Everyday items,Cart,From_Bing,Tools-Everyday items/Cart/010801701630.png
010801701631,Tools-Everyday items,Cart,From_Bing,Tools-Everyday items/Cart/010801701631.png
010801701632,Tools-Everyday items,Cart,From_Bing,Tools-Everyday items/Cart/010801701632.png
010801701633,Tools-Everyday items,Cart,From_Bing,Tools-Everyday items/Cart/010801701633.png
010801701634,Tools-Everyday items,Cart,From_Bing,Tools-Everyday items/Cart/010801701634.png
010801701635,Tools-Everyday items,Cart,From_Bing,Tools-Everyday items/Cart/010801701635.png
010801701636,Tools-Everyday items,Cart,From_Bing,Tools-Everyday items/Cart/010801701636.png
010801701637,Tools-Everyday items,Cart,From_Bing,Tools-Everyday items/Cart/010801701637.png
010813502615,Tools-Everyday items,Cartoon Tools-Everyday items,From_Bing,Tools-Everyday items/Cartoon Tools-Everyday items/010813502615.png
010813502616,Tools-Everyday items,Cartoon Tools-Everyday items,From_Bing,Tools-Everyday items/Cartoon Tools-Everyday items/010813502616.png
010813502617,Tools-Everyday items,Cartoon Tools-Everyday items,From_Bing,Tools-Everyday items/Cartoon Tools-Everyday items/010813502617.png
010813502618,Tools-Everyday items,Cartoon Tools-Everyday items,From_Bing,Tools-Everyday items/Cartoon Tools-Everyday items/010813502618.png
010813502619,Tools-Everyday items,Cartoon Tools-Everyday items,From_Bing,Tools-Everyday items/Cartoon Tools-Everyday items/010813502619.png
010813502620,Tools-Everyday items,Cartoon Tools-Everyday items,From_Bing,Tools-Everyday items/Cartoon Tools-Everyday items/010813502620.png
010813502621,Tools-Everyday items,Cartoon Tools-Everyday items,From_Bing,Tools-Everyday items/Cartoon Tools-Everyday items/010813502621.png
010813502622,Tools-Everyday items,Cartoon Tools-Everyday items,From_Bing,Tools-Everyday items/Cartoon Tools-Everyday items/010813502622.png
010813502623,Tools-Everyday items,Cartoon Tools-Everyday items,From_Bing,Tools-Everyday items/Cartoon Tools-Everyday items/010813502623.png
010813502624,Tools-Everyday items,Cartoon Tools-Everyday items,From_Bing,Tools-Everyday items/Cartoon Tools-Everyday items/010813502624.png
010813502625,Tools-Everyday items,Cartoon Tools-Everyday items,From_Bing,Tools-Everyday items/Cartoon Tools-Everyday items/010813502625.png
010813502626,Tools-Everyday items,Cartoon Tools-Everyday items,From_Bing,Tools-Everyday items/Cartoon Tools-Everyday items/010813502626.png
010813502627,Tools-Everyday items,Cartoon Tools-Everyday items,From_Bing,Tools-Everyday items/Cartoon Tools-Everyday items/010813502627.png
010813502628,Tools-Everyday items,Cartoon Tools-Everyday items,From_Bing,Tools-Everyday items/Cartoon Tools-Everyday items/010813502628.png
010813502629,Tools-Everyday items,Cartoon Tools-Everyday items,From_Bing,Tools-Everyday items/Cartoon Tools-Everyday items/010813502629.png
010813502630,Tools-Everyday items,Cartoon Tools-Everyday items,From_Bing,Tools-Everyday items/Cartoon Tools-Everyday items/010813502630.png
010813502631,Tools-Everyday items,Cartoon Tools-Everyday items,From_Bing,Tools-Everyday items/Cartoon Tools-Everyday items/010813502631.png
010813502632,Tools-Everyday items,Cartoon Tools-Everyday items,From_Bing,Tools-Everyday items/Cartoon Tools-Everyday items/010813502632.png
010813502633,Tools-Everyday items,Cartoon Tools-Everyday items,From_Bing,Tools-Everyday items/Cartoon Tools-Everyday items/010813502633.png
010813502634,Tools-Everyday items,Cartoon Tools-Everyday items,From_Bing,Tools-Everyday items/Cartoon Tools-Everyday items/010813502634.png
010813502635,Tools-Everyday items,Cartoon Tools-Everyday items,From_Bing,Tools-Everyday items/Cartoon Tools-Everyday items/010813502635.png
010813502636,Tools-Everyday items,Cartoon Tools-Everyday items,From_Bing,Tools-Everyday items/Cartoon Tools-Everyday items/010813502636.png
010813502637,Tools-Everyday items,Cartoon Tools-Everyday items,From_Bing,Tools-Everyday items/Cartoon Tools-Everyday items/010813502637.png
010813502638,Tools-Everyday items,Cartoon Tools-Everyday items,From_Bing,Tools-Everyday items/Cartoon Tools-Everyday items/010813502638.png
010813502639,Tools-Everyday items,Cartoon Tools-Everyday items,From_Bing,Tools-Everyday items/Cartoon Tools-Everyday items/010813502639.png
010802001638,Tools-Everyday items,Chair,From_Bing,Tools-Everyday items/Chair/010802001638.png
010802001639,Tools-Everyday items,Chair,From_Bing,Tools-Everyday items/Chair/010802001639.png
010802001640,Tools-Everyday items,Chair,From_Bing,Tools-Everyday items/Chair/010802001640.png
010802001641,Tools-Everyday items,Chair,From_Bing,Tools-Everyday items/Chair/010802001641.png
010802001642,Tools-Everyday items,Chair,From_Bing,Tools-Everyday items/Chair/010802001642.png
010802001643,Tools-Everyday items,Chair,From_Bing,Tools-Everyday items/Chair/010802001643.png
010802001644,Tools-Everyday items,Chair,From_Bing,Tools-Everyday items/Chair/010802001644.png
010802001645,Tools-Everyday items,Chair,From_Bing,Tools-Everyday items/Chair/010802001645.png
010802001646,Tools-Everyday items,Chair,From_Bing,Tools-Everyday items/Chair/010802001646.png
010802001647,Tools-Everyday items,Chair,From_Bing,Tools-Everyday items/Chair/010802001647.png
010802001648,Tools-Everyday items,Chair,From_Bing,Tools-Everyday items/Chair/010802001648.png
010802001649,Tools-Everyday items,Chair,From_Bing,Tools-Everyday items/Chair/010802001649.png
010802001650,Tools-Everyday items,Chair,From_Bing,Tools-Everyday items/Chair/010802001650.png
010802001651,Tools-Everyday items,Chair,From_Bing,Tools-Everyday items/Chair/010802001651.png
010802001652,Tools-Everyday items,Chair,From_Bing,Tools-Everyday items/Chair/010802001652.png
010802002540,Tools-Everyday items,Chair,From_Bing,Tools-Everyday items/Chair/010802002540.png
010802002541,Tools-Everyday items,Chair,From_Bing,Tools-Everyday items/Chair/010802002541.png
010802002542,Tools-Everyday items,Chair,From_Bing,Tools-Everyday items/Chair/010802002542.png
010802002543,Tools-Everyday items,Chair,From_Bing,Tools-Everyday items/Chair/010802002543.png
010802002544,Tools-Everyday items,Chair,From_Bing,Tools-Everyday items/Chair/010802002544.png
010802002545,Tools-Everyday items,Chair,From_Bing,Tools-Everyday items/Chair/010802002545.png
010802002546,Tools-Everyday items,Chair,From_Bing,Tools-Everyday items/Chair/010802002546.png
010802002547,Tools-Everyday items,Chair,From_Bing,Tools-Everyday items/Chair/010802002547.png
010802301653,Tools-Everyday items,ChianSaw,From_Bing,Tools-Everyday items/ChianSaw/010802301653.png
010802301654,Tools-Everyday items,ChianSaw,From_Bing,Tools-Everyday items/ChianSaw/010802301654.png
010802301655,Tools-Everyday items,ChianSaw,From_Bing,Tools-Everyday items/ChianSaw/010802301655.png
010802301656,Tools-Everyday items,ChianSaw,From_Bing,Tools-Everyday items/ChianSaw/010802301656.png
010802301657,Tools-Everyday items,ChianSaw,From_Bing,Tools-Everyday items/ChianSaw/010802301657.png
010802301658,Tools-Everyday items,ChianSaw,From_Bing,Tools-Everyday items/ChianSaw/010802301658.png
010802301659,Tools-Everyday items,ChianSaw,From_Bing,Tools-Everyday items/ChianSaw/010802301659.png
010802301660,Tools-Everyday items,ChianSaw,From_Bing,Tools-Everyday items/ChianSaw/010802301660.png
010802301661,Tools-Everyday items,ChianSaw,From_Bing,Tools-Everyday items/ChianSaw/010802301661.png
010802301662,Tools-Everyday items,ChianSaw,From_Bing,Tools-Everyday items/ChianSaw/010802301662.png
010802801663,Tools-Everyday items,Cup,From_Bing,Tools-Everyday items/Cup/010802801663.png
010802801664,Tools-Everyday items,Cup,From_Bing,Tools-Everyday items/Cup/010802801664.png
010802801665,Tools-Everyday items,Cup,From_Bing,Tools-Everyday items/Cup/010802801665.png
010802801666,Tools-Everyday items,Cup,From_Bing,Tools-Everyday items/Cup/010802801666.png
010802801667,Tools-Everyday items,Cup,From_Bing,Tools-Everyday items/Cup/010802801667.png
010803101668,Tools-Everyday items,Dumbell,From_Bing,Tools-Everyday items/Dumbell/010803101668.png
010803101669,Tools-Everyday items,Dumbell,From_Bing,Tools-Everyday items/Dumbell/010803101669.png
010803101670,Tools-Everyday items,Dumbell,From_Bing,Tools-Everyday items/Dumbell/010803101670.png
010803101671,Tools-Everyday items,Dumbell,From_Bing,Tools-Everyday items/Dumbell/010803101671.png
010803101672,Tools-Everyday items,Dumbell,From_Bing,Tools-Everyday items/Dumbell/010803101672.png
010803301673,Tools-Everyday items,Eraser,From_Bing,Tools-Everyday items/Eraser/010803301673.png
010803301674,Tools-Everyday items,Eraser,From_Bing,Tools-Everyday items/Eraser/010803301674.png
010803301675,Tools-Everyday items,Eraser,From_Bing,Tools-Everyday items/Eraser/010803301675.png
010803301676,Tools-Everyday items,Eraser,From_Bing,Tools-Everyday items/Eraser/010803301676.png
010803301677,Tools-Everyday items,Eraser,From_Bing,Tools-Everyday items/Eraser/010803301677.png
010803301678,Tools-Everyday items,Eraser,From_Bing,Tools-Everyday items/Eraser/010803301678.png
010803301679,Tools-Everyday items,Eraser,From_Bing,Tools-Everyday items/Eraser/010803301679.png
010803301680,Tools-Everyday items,Eraser,From_Bing,Tools-Everyday items/Eraser/010803301680.png
010803301681,Tools-Everyday items,Eraser,From_Bing,Tools-Everyday items/Eraser/010803301681.png
010803301682,Tools-Everyday items,Eraser,From_Bing,Tools-Everyday items/Eraser/010803301682.png
010804201683,Tools-Everyday items,Hammer,From_Bing,Tools-Everyday items/Hammer/010804201683.png
010804201684,Tools-Everyday items,Hammer,From_Bing,Tools-Everyday items/Hammer/010804201684.png
010804201685,Tools-Everyday items,Hammer,From_Bing,Tools-Everyday items/Hammer/010804201685.png
010804201686,Tools-Everyday items,Hammer,From_Bing,Tools-Everyday items/Hammer/010804201686.png
010804201687,Tools-Everyday items,Hammer,From_Bing,Tools-Everyday items/Hammer/010804201687.png
010804201688,Tools-Everyday items,Hammer,From_Bing,Tools-Everyday items/Hammer/010804201688.png
010804201689,Tools-Everyday items,Hammer,From_Bing,Tools-Everyday items/Hammer/010804201689.png
010804201690,Tools-Everyday items,Hammer,From_Bing,Tools-Everyday items/Hammer/010804201690.png
010804201691,Tools-Everyday items,Hammer,From_Bing,Tools-Everyday items/Hammer/010804201691.png
010804201692,Tools-Everyday items,Hammer,From_Bing,Tools-Everyday items/Hammer/010804201692.png
010804601693,Tools-Everyday items,Hex driver&Screw driver,From_Bing,Tools-Everyday items/Hex driver&Screw driver/010804601693.png
010804601694,Tools-Everyday items,Hex driver&Screw driver,From_Bing,Tools-Everyday items/Hex driver&Screw driver/010804601694.png
010804601695,Tools-Everyday items,Hex driver&Screw driver,From_Bing,Tools-Everyday items/Hex driver&Screw driver/010804601695.png
010804601696,Tools-Everyday items,Hex driver&Screw driver,From_Bing,Tools-Everyday items/Hex driver&Screw driver/010804601696.png
010804601697,Tools-Everyday items,Hex driver&Screw driver,From_Bing,Tools-Everyday items/Hex driver&Screw driver/010804601697.png
010804601698,Tools-Everyday items,Hex driver&Screw driver,From_Bing,Tools-Everyday items/Hex driver&Screw driver/010804601698.png
010804601699,Tools-Everyday items,Hex driver&Screw driver,From_Bing,Tools-Everyday items/Hex driver&Screw driver/010804601699.png
010804601700,Tools-Everyday items,Hex driver&Screw driver,From_Bing,Tools-Everyday items/Hex driver&Screw driver/010804601700.png
010804601701,Tools-Everyday items,Hex driver&Screw driver,From_Bing,Tools-Everyday items/Hex driver&Screw driver/010804601701.png
010804901702,Tools-Everyday items,Key&Lock,From_Bing,Tools-Everyday items/Key&Lock/010804901702.png
010804901703,Tools-Everyday items,Key&Lock,From_Bing,Tools-Everyday items/Key&Lock/010804901703.png
010804901704,Tools-Everyday items,Key&Lock,From_Bing,Tools-Everyday items/Key&Lock/010804901704.png
010804901705,Tools-Everyday items,Key&Lock,From_Bing,Tools-Everyday items/Key&Lock/010804901705.png
010804901706,Tools-Everyday items,Key&Lock,From_Bing,Tools-Everyday items/Key&Lock/010804901706.png
010804901707,Tools-Everyday items,Key&Lock,From_Bing,Tools-Everyday items/Key&Lock/010804901707.png
040804901708,Tools-Everyday items,Key&Lock,From_Kiani1000,Tools-Everyday items/Key&Lock/040804901708.png
040804901709,Tools-Everyday items,Key&Lock,From_Kiani1000,Tools-Everyday items/Key&Lock/040804901709.png
010805701710,Tools-Everyday items,Measuring cylinder,From_Bing,Tools-Everyday items/Measuring cylinder/010805701710.png
010805701711,Tools-Everyday items,Measuring cylinder,From_Bing,Tools-Everyday items/Measuring cylinder/010805701711.png
010805701712,Tools-Everyday items,Measuring cylinder,From_Bing,Tools-Everyday items/Measuring cylinder/010805701712.png
010805701713,Tools-Everyday items,Measuring cylinder,From_Bing,Tools-Everyday items/Measuring cylinder/010805701713.png
010805701714,Tools-Everyday items,Measuring cylinder,From_Bing,Tools-Everyday items/Measuring cylinder/010805701714.png
010805701715,Tools-Everyday items,Measuring cylinder,From_Bing,Tools-Everyday items/Measuring cylinder/010805701715.png
010805701716,Tools-Everyday items,Measuring cylinder,From_Bing,Tools-Everyday items/Measuring cylinder/010805701716.png
010805701717,Tools-Everyday items,Measuring cylinder,From_Bing,Tools-Everyday items/Measuring cylinder/010805701717.png
030806001718,Tools-Everyday items,Monkey chair,From_Photo,Tools-Everyday items/Monkey chair/030806001718.png
030806001719,Tools-Everyday items,Monkey chair,From_Photo,Tools-Everyday items/Monkey chair/030806001719.png
030806001720,Tools-Everyday items,Monkey chair,From_Photo,Tools-Everyday items/Monkey chair/030806001720.png
030806001721,Tools-Everyday items,Monkey chair,From_Photo,Tools-Everyday items/Monkey chair/030806001721.png
030806001722,Tools-Everyday items,Monkey chair,From_Photo,Tools-Everyday items/Monkey chair/030806001722.png
030806001723,Tools-Everyday items,Monkey chair,From_Photo,Tools-Everyday items/Monkey chair/030806001723.png
030806101724,Tools-Everyday items,Monkey pole,From_Photo,Tools-Everyday items/Monkey pole/030806101724.png
030806101725,Tools-Everyday items,Monkey pole,From_Photo,Tools-Everyday items/Monkey pole/030806101725.png
010806201726,Tools-Everyday items,Monkey toy,From_Bing,Tools-Everyday items/Monkey toy/010806201726.png
010806201727,Tools-Everyday items,Monkey toy,From_Bing,Tools-Everyday items/Monkey toy/010806201727.png
010806201728,Tools-Everyday items,Monkey toy,From_Bing,Tools-Everyday items/Monkey toy/010806201728.png
010806201729,Tools-Everyday items,Monkey toy,From_Bing,Tools-Everyday items/Monkey toy/010806201729.png
010806201730,Tools-Everyday items,Monkey toy,From_Bing,Tools-Everyday items/Monkey toy/010806201730.png
010806201731,Tools-Everyday items,Monkey toy,From_Bing,Tools-Everyday items/Monkey toy/010806201731.png
010806201732,Tools-Everyday items,Monkey toy,From_Bing,Tools-Everyday items/Monkey toy/010806201732.png
010806201733,Tools-Everyday items,Monkey toy,From_Bing,Tools-Everyday items/Monkey toy/010806201733.png
010806201734,Tools-Everyday items,Monkey toy,From_Bing,Tools-Everyday items/Monkey toy/010806201734.png
010806201735,Tools-Everyday items,Monkey toy,From_Bing,Tools-Everyday items/Monkey toy/010806201735.png
010806201736,Tools-Everyday items,Monkey toy,From_Bing,Tools-Everyday items/Monkey toy/010806201736.png
010806201737,Tools-Everyday items,Monkey toy,From_Bing,Tools-Everyday items/Monkey toy/010806201737.png
010806501738,Tools-Everyday items,Mop,From_Bing,Tools-Everyday items/Mop/010806501738.png
010806501739,Tools-Everyday items,Mop,From_Bing,Tools-Everyday items/Mop/010806501739.png
010806501740,Tools-Everyday items,Mop,From_Bing,Tools-Everyday items/Mop/010806501740.png
010806501741,Tools-Everyday items,Mop,From_Bing,Tools-Everyday items/Mop/010806501741.png
010806501742,Tools-Everyday items,Mop,From_Bing,Tools-Everyday items/Mop/010806501742.png
010807201743,Tools-Everyday items,Pen,From_Bing,Tools-Everyday items/Pen/010807201743.png
010807201744,Tools-Everyday items,Pen,From_Bing,Tools-Everyday items/Pen/010807201744.png
010807201745,Tools-Everyday items,Pen,From_Bing,Tools-Everyday items/Pen/010807201745.png
010807201746,Tools-Everyday items,Pen,From_Bing,Tools-Everyday items/Pen/010807201746.png
010807201747,Tools-Everyday items,Pen,From_Bing,Tools-Everyday items/Pen/010807201747.png
010807301748,Tools-Everyday items,Pencil,From_Bing,Tools-Everyday items/Pencil/010807301748.png
010807301749,Tools-Everyday items,Pencil,From_Bing,Tools-Everyday items/Pencil/010807301749.png
010807301750,Tools-Everyday items,Pencil,From_Bing,Tools-Everyday items/Pencil/010807301750.png
010807301751,Tools-Everyday items,Pencil,From_Bing,Tools-Everyday items/Pencil/010807301751.png
010807301752,Tools-Everyday items,Pencil,From_Bing,Tools-Everyday items/Pencil/010807301752.png
010807301753,Tools-Everyday items,Pencil,From_Bing,Tools-Everyday items/Pencil/010807301753.png
010807301754,Tools-Everyday items,Pencil,From_Bing,Tools-Everyday items/Pencil/010807301754.png
010807301755,Tools-Everyday items,Pencil,From_Bing,Tools-Everyday items/Pencil/010807301755.png
010808601756,Tools-Everyday items,Scissor,From_Bing,Tools-Everyday items/Scissor/010808601756.png
010808601757,Tools-Everyday items,Scissor,From_Bing,Tools-Everyday items/Scissor/010808601757.png
010808601758,Tools-Everyday items,Scissor,From_Bing,Tools-Everyday items/Scissor/010808601758.png
010808601759,Tools-Everyday items,Scissor,From_Bing,Tools-Everyday items/Scissor/010808601759.png
010808601760,Tools-Everyday items,Scissor,From_Bing,Tools-Everyday items/Scissor/010808601760.png
010808601761,Tools-Everyday items,Scissor,From_Bing,Tools-Everyday items/Scissor/010808601761.png
010808601762,Tools-Everyday items,Scissor,From_Bing,Tools-Everyday items/Scissor/010808601762.png
010808601763,Tools-Everyday items,Scissor,From_Bing,Tools-Everyday items/Scissor/010808601763.png
010809701764,Tools-Everyday items,Stapler,From_Bing,Tools-Everyday items/Stapler/010809701764.png
010809701765,Tools-Everyday items,Stapler,From_Bing,Tools-Everyday items/Stapler/010809701765.png
010809701766,Tools-Everyday items,Stapler,From_Bing,Tools-Everyday items/Stapler/010809701766.png
010809701767,Tools-Everyday items,Stapler,From_Bing,Tools-Everyday items/Stapler/010809701767.png
010809701769,Tools-Everyday items,Stapler,From_Bing,Tools-Everyday items/Stapler/010809701769.png
010809701770,Tools-Everyday items,Stapler,From_Bing,Tools-Everyday items/Stapler/010809701770.png
010809701771,Tools-Everyday items,Stapler,From_Bing,Tools-Everyday items/Stapler/010809701771.png
010809701772,Tools-Everyday items,Stapler,From_Bing,Tools-Everyday items/Stapler/010809701772.png
010809701773,Tools-Everyday items,Stapler,From_Bing,Tools-Everyday items/Stapler/010809701773.png
010809701774,Tools-Everyday items,Stapler,From_Bing,Tools-Everyday items/Stapler/010809701774.png
010809701775,Tools-Everyday items,Stapler,From_Bing,Tools-Everyday items/Stapler/010809701775.png
010809701776,Tools-Everyday items,Stapler,From_Bing,Tools-Everyday items/Stapler/010809701776.png
010809801777,Tools-Everyday items,Stuffed animal,From_Bing,Tools-Everyday items/Stuffed animal/010809801777.png
010809801778,Tools-Everyday items,Stuffed animal,From_Bing,Tools-Everyday items/Stuffed animal/010809801778.png
010809801779,Tools-Everyday items,Stuffed animal,From_Bing,Tools-Everyday items/Stuffed animal/010809801779.png
010809801780,Tools-Everyday items,Stuffed animal,From_Bing,Tools-Everyday items/Stuffed animal/010809801780.png
010809801781,Tools-Everyday items,Stuffed animal,From_Bing,Tools-Everyday items/Stuffed animal/010809801781.png
010809801782,Tools-Everyday items,Stuffed animal,From_Bing,Tools-Everyday items/Stuffed animal/010809801782.png
010809801783,Tools-Everyday items,Stuffed animal,From_Bing,Tools-Everyday items/Stuffed animal/010809801783.png
010809801784,Tools-Everyday items,Stuffed animal,From_Bing,Tools-Everyday items/Stuffed animal/010809801784.png
010809801785,Tools-Everyday items,Stuffed animal,From_Bing,Tools-Everyday items/Stuffed animal/010809801785.png
010809801786,Tools-Everyday items,Stuffed animal,From_Bing,Tools-Everyday items/Stuffed animal/010809801786.png
010809801787,Tools-Everyday items,Stuffed animal,From_Bing,Tools-Everyday items/Stuffed animal/010809801787.png
010809801788,Tools-Everyday items,Stuffed animal,From_Bing,Tools-Everyday items/Stuffed animal/010809801788.png
010809801789,Tools-Everyday items,Stuffed animal,From_Bing,Tools-Everyday items/Stuffed animal/010809801789.png
010809801790,Tools-Everyday items,Stuffed animal,From_Bing,Tools-Everyday items/Stuffed animal/010809801790.png
010809801791,Tools-Everyday items,Stuffed animal,From_Bing,Tools-Everyday items/Stuffed animal/010809801791.png
010809801792,Tools-Everyday items,Stuffed animal,From_Bing,Tools-Everyday items/Stuffed animal/010809801792.png
010809801793,Tools-Everyday items,Stuffed animal,From_Bing,Tools-Everyday items/Stuffed animal/010809801793.png
010809801794,Tools-Everyday items,Stuffed animal,From_Bing,Tools-Everyday items/Stuffed animal/010809801794.png
010809801795,Tools-Everyday items,Stuffed animal,From_Bing,Tools-Everyday items/Stuffed animal/010809801795.png
010809801796,Tools-Everyday items,Stuffed animal,From_Bing,Tools-Everyday items/Stuffed animal/010809801796.png
010809801797,Tools-Everyday items,Stuffed animal,From_Bing,Tools-Everyday items/Stuffed animal/010809801797.png
010809801798,Tools-Everyday items,Stuffed animal,From_Bing,Tools-Everyday items/Stuffed animal/010809801798.png
010809801799,Tools-Everyday items,Stuffed animal,From_Bing,Tools-Everyday items/Stuffed animal/010809801799.png
010809801800,Tools-Everyday items,Stuffed animal,From_Bing,Tools-Everyday items/Stuffed animal/010809801800.png
010809801801,Tools-Everyday items,Stuffed animal,From_Bing,Tools-Everyday items/Stuffed animal/010809801801.png
010809801802,Tools-Everyday items,Stuffed animal,From_Bing,Tools-Everyday items/Stuffed animal/010809801802.png
010809801803,Tools-Everyday items,Stuffed animal,From_Bing,Tools-Everyday items/Stuffed animal/010809801803.png
010809801804,Tools-Everyday items,Stuffed animal,From_Bing,Tools-Everyday items/Stuffed animal/010809801804.png
010809801805,Tools-Everyday items,Stuffed animal,From_Bing,Tools-Everyday items/Stuffed animal/010809801805.png
010809801806,Tools-Everyday items,Stuffed animal,From_Bing,Tools-Everyday items/Stuffed animal/010809801806.png
010809801807,Tools-Everyday items,Stuffed animal,From_Bing,Tools-Everyday items/Stuffed animal/010809801807.png
010809801808,Tools-Everyday items,Stuffed animal,From_Bing,Tools-Everyday items/Stuffed animal/010809801808.png
010809801809,Tools-Everyday items,Stuffed animal,From_Bing,Tools-Everyday items/Stuffed animal/010809801809.png
010809801810,Tools-Everyday items,Stuffed animal,From_Bing,Tools-Everyday items/Stuffed animal/010809801810.png
010809801811,Tools-Everyday items,Stuffed animal,From_Bing,Tools-Everyday items/Stuffed animal/010809801811.png
010809801812,Tools-Everyday items,Stuffed animal,From_Bing,Tools-Everyday items/Stuffed animal/010809801812.png
010809801813,Tools-Everyday items,Stuffed animal,From_Bing,Tools-Everyday items/Stuffed animal/010809801813.png
010809801814,Tools-Everyday items,Stuffed animal,From_Bing,Tools-Everyday items/Stuffed animal/010809801814.png
010809801815,Tools-Everyday items,Stuffed animal,From_Bing,Tools-Everyday items/Stuffed animal/010809801815.png
010809801816,Tools-Everyday items,Stuffed animal,From_Bing,Tools-Everyday items/Stuffed animal/010809801816.png
010809801817,Tools-Everyday items,Stuffed animal,From_Bing,Tools-Everyday items/Stuffed animal/010809801817.png
010809801818,Tools-Everyday items,Stuffed animal,From_Bing,Tools-Everyday items/Stuffed animal/010809801818.png
010809801819,Tools-Everyday items,Stuffed animal,From_Bing,Tools-Everyday items/Stuffed animal/010809801819.png
010809801820,Tools-Everyday items,Stuffed animal,From_Bing,Tools-Everyday items/Stuffed animal/010809801820.png
010809801821,Tools-Everyday items,Stuffed animal,From_Bing,Tools-Everyday items/Stuffed animal/010809801821.png
010809801822,Tools-Everyday items,Stuffed animal,From_Bing,Tools-Everyday items/Stuffed animal/010809801822.png
010809801823,Tools-Everyday items,Stuffed animal,From_Bing,Tools-Everyday items/Stuffed animal/010809801823.png
010809801824,Tools-Everyday items,Stuffed animal,From_Bing,Tools-Everyday items/Stuffed animal/010809801824.png
010809801825,Tools-Everyday items,Stuffed animal,From_Bing,Tools-Everyday items/Stuffed animal/010809801825.png
010809801826,Tools-Everyday items,Stuffed animal,From_Bing,Tools-Everyday items/Stuffed animal/010809801826.png
010809801827,Tools-Everyday items,Stuffed animal,From_Bing,Tools-Everyday items/Stuffed animal/010809801827.png
010809801828,Tools-Everyday items,Stuffed animal,From_Bing,Tools-Everyday items/Stuffed animal/010809801828.png
010809801829,Tools-Everyday items,Stuffed animal,From_Bing,Tools-Everyday items/Stuffed animal/010809801829.png
010809801830,Tools-Everyday items,Stuffed animal,From_Bing,Tools-Everyday items/Stuffed animal/010809801830.png
010809801831,Tools-Everyday items,Stuffed animal,From_Bing,Tools-Everyday items/Stuffed animal/010809801831.png
010809801832,Tools-Everyday items,Stuffed animal,From_Bing,Tools-Everyday items/Stuffed animal/010809801832.png
010809801833,Tools-Everyday items,Stuffed animal,From_Bing,Tools-Everyday items/Stuffed animal/010809801833.png
010809801834,Tools-Everyday items,Stuffed animal,From_Bing,Tools-Everyday items/Stuffed animal/010809801834.png
010809801835,Tools-Everyday items,Stuffed animal,From_Bing,Tools-Everyday items/Stuffed animal/010809801835.png
010809801836,Tools-Everyday items,Stuffed animal,From_Bing,Tools-Everyday items/Stuffed animal/010809801836.png
010809801837,Tools-Everyday items,Stuffed animal,From_Bing,Tools-Everyday items/Stuffed animal/010809801837.png
010809801838,Tools-Everyday items,Stuffed animal,From_Bing,Tools-Everyday items/Stuffed animal/010809801838.png
010809801839,Tools-Everyday items,Stuffed animal,From_Bing,Tools-Everyday items/Stuffed animal/010809801839.png
010809801840,Tools-Everyday items,Stuffed animal,From_Bing,Tools-Everyday items/Stuffed animal/010809801840.png
010809801841,Tools-Everyday items,Stuffed animal,From_Bing,Tools-Everyday items/Stuffed animal/010809801841.png
010809801842,Tools-Everyday items,Stuffed animal,From_Bing,Tools-Everyday items/Stuffed animal/010809801842.png
010809801843,Tools-Everyday items,Stuffed animal,From_Bing,Tools-Everyday items/Stuffed animal/010809801843.png
010809801844,Tools-Everyday items,Stuffed animal,From_Bing,Tools-Everyday items/Stuffed animal/010809801844.png
010809801845,Tools-Everyday items,Stuffed animal,From_Bing,Tools-Everyday items/Stuffed animal/010809801845.png
010809801846,Tools-Everyday items,Stuffed animal,From_Bing,Tools-Everyday items/Stuffed animal/010809801846.png
010809801847,Tools-Everyday items,Stuffed animal,From_Bing,Tools-Everyday items/Stuffed animal/010809801847.png
010809801848,Tools-Everyday items,Stuffed animal,From_Bing,Tools-Everyday items/Stuffed animal/010809801848.png
010809801849,Tools-Everyday items,Stuffed animal,From_Bing,Tools-Everyday items/Stuffed animal/010809801849.png
010809801850,Tools-Everyday items,Stuffed animal,From_Bing,Tools-Everyday items/Stuffed animal/010809801850.png
010809801851,Tools-Everyday items,Stuffed animal,From_Bing,Tools-Everyday items/Stuffed animal/010809801851.png
010809801852,Tools-Everyday items,Stuffed animal,From_Bing,Tools-Everyday items/Stuffed animal/010809801852.png
010809801853,Tools-Everyday items,Stuffed animal,From_Bing,Tools-Everyday items/Stuffed animal/010809801853.png
010809801854,Tools-Everyday items,Stuffed animal,From_Bing,Tools-Everyday items/Stuffed animal/010809801854.png
010809801855,Tools-Everyday items,Stuffed animal,From_Bing,Tools-Everyday items/Stuffed animal/010809801855.png
010809801856,Tools-Everyday items,Stuffed animal,From_Bing,Tools-Everyday items/Stuffed animal/010809801856.png
010809801857,Tools-Everyday items,Stuffed animal,From_Bing,Tools-Everyday items/Stuffed animal/010809801857.png
010809801858,Tools-Everyday items,Stuffed animal,From_Bing,Tools-Everyday items/Stuffed animal/010809801858.png
010809801859,Tools-Everyday items,Stuffed animal,From_Bing,Tools-Everyday items/Stuffed animal/010809801859.png
010809801860,Tools-Everyday items,Stuffed animal,From_Bing,Tools-Everyday items/Stuffed animal/010809801860.png
010809801861,Tools-Everyday items,Stuffed animal,From_Bing,Tools-Everyday items/Stuffed animal/010809801861.png
010809801862,Tools-Everyday items,Stuffed animal,From_Bing,Tools-Everyday items/Stuffed animal/010809801862.png
010809801863,Tools-Everyday items,Stuffed animal,From_Bing,Tools-Everyday items/Stuffed animal/010809801863.png
010809801864,Tools-Everyday items,Stuffed animal,From_Bing,Tools-Everyday items/Stuffed animal/010809801864.png
010809801865,Tools-Everyday items,Stuffed animal,From_Bing,Tools-Everyday items/Stuffed animal/010809801865.png
010809801866,Tools-Everyday items,Stuffed animal,From_Bing,Tools-Everyday items/Stuffed animal/010809801866.png
010809801867,Tools-Everyday items,Stuffed animal,From_Bing,Tools-Everyday items/Stuffed animal/010809801867.png
010809801868,Tools-Everyday items,Stuffed animal,From_Bing,Tools-Everyday items/Stuffed animal/010809801868.png
010809801869,Tools-Everyday items,Stuffed animal,From_Bing,Tools-Everyday items/Stuffed animal/010809801869.png
010809801870,Tools-Everyday items,Stuffed animal,From_Bing,Tools-Everyday items/Stuffed animal/010809801870.png
010809801871,Tools-Everyday items,Stuffed animal,From_Bing,Tools-Everyday items/Stuffed animal/010809801871.png
010809801872,Tools-Everyday items,Stuffed animal,From_Bing,Tools-Everyday items/Stuffed animal/010809801872.png
010809801873,Tools-Everyday items,Stuffed animal,From_Bing,Tools-Everyday items/Stuffed animal/010809801873.png
010809801874,Tools-Everyday items,Stuffed animal,From_Bing,Tools-Everyday items/Stuffed animal/010809801874.png
010809801875,Tools-Everyday items,Stuffed animal,From_Bing,Tools-Everyday items/Stuffed animal/010809801875.png
010809801876,Tools-Everyday items,Stuffed animal,From_Bing,Tools-Everyday items/Stuffed animal/010809801876.png
010809801877,Tools-Everyday items,Stuffed animal,From_Bing,Tools-Everyday items/Stuffed animal/010809801877.png
010809801878,Tools-Everyday items,Stuffed animal,From_Bing,Tools-Everyday items/Stuffed animal/010809801878.png
010809801879,Tools-Everyday items,Stuffed animal,From_Bing,Tools-Everyday items/Stuffed animal/010809801879.png
010809801880,Tools-Everyday items,Stuffed animal,From_Bing,Tools-Everyday items/Stuffed animal/010809801880.png
010809801881,Tools-Everyday items,Stuffed animal,From_Bing,Tools-Everyday items/Stuffed animal/010809801881.png
010809801882,Tools-Everyday items,Stuffed animal,From_Bing,Tools-Everyday items/Stuffed animal/010809801882.png
010809801883,Tools-Everyday items,Stuffed animal,From_Bing,Tools-Everyday items/Stuffed animal/010809801883.png
010809801884,Tools-Everyday items,Stuffed animal,From_Bing,Tools-Everyday items/Stuffed animal/010809801884.png
010809801885,Tools-Everyday items,Stuffed animal,From_Bing,Tools-Everyday items/Stuffed animal/010809801885.png
010809801886,Tools-Everyday items,Stuffed animal,From_Bing,Tools-Everyday items/Stuffed animal/010809801886.png
010809801887,Tools-Everyday items,Stuffed animal,From_Bing,Tools-Everyday items/Stuffed animal/010809801887.png
010809801888,Tools-Everyday items,Stuffed animal,From_Bing,Tools-Everyday items/Stuffed animal/010809801888.png
010809801889,Tools-Everyday items,Stuffed animal,From_Bing,Tools-Everyday items/Stuffed animal/010809801889.png
010809801890,Tools-Everyday items,Stuffed animal,From_Bing,Tools-Everyday items/Stuffed animal/010809801890.png
010809801891,Tools-Everyday items,Stuffed animal,From_Bing,Tools-Everyday items/Stuffed animal/010809801891.png
010809801892,Tools-Everyday items,Stuffed animal,From_Bing,Tools-Everyday items/Stuffed animal/010809801892.png
010809801893,Tools-Everyday items,Stuffed animal,From_Bing,Tools-Everyday items/Stuffed animal/010809801893.png
010809801894,Tools-Everyday items,Stuffed animal,From_Bing,Tools-Everyday items/Stuffed animal/010809801894.png
010809801895,Tools-Everyday items,Stuffed animal,From_Bing,Tools-Everyday items/Stuffed animal/010809801895.png
010809801896,Tools-Everyday items,Stuffed animal,From_Bing,Tools-Everyday items/Stuffed animal/010809801896.png
010809801897,Tools-Everyday items,Stuffed animal,From_Bing,Tools-Everyday items/Stuffed animal/010809801897.png
010809801898,Tools-Everyday items,Stuffed animal,From_Bing,Tools-Everyday items/Stuffed animal/010809801898.png
010809801899,Tools-Everyday items,Stuffed animal,From_Bing,Tools-Everyday items/Stuffed animal/010809801899.png
010810101900,Tools-Everyday items,Syringe,From_Bing,Tools-Everyday items/Syringe/010810101900.png
010810101901,Tools-Everyday items,Syringe,From_Bing,Tools-Everyday items/Syringe/010810101901.png
010810101902,Tools-Everyday items,Syringe,From_Bing,Tools-Everyday items/Syringe/010810101902.png
010810101903,Tools-Everyday items,Syringe,From_Bing,Tools-Everyday items/Syringe/010810101903.png
010810101904,Tools-Everyday items,Syringe,From_Bing,Tools-Everyday items/Syringe/010810101904.png
010810101905,Tools-Everyday items,Syringe,From_Bing,Tools-Everyday items/Syringe/010810101905.png
010810101906,Tools-Everyday items,Syringe,From_Bing,Tools-Everyday items/Syringe/010810101906.png
010810101907,Tools-Everyday items,Syringe,From_Bing,Tools-Everyday items/Syringe/010810101907.png
010810101908,Tools-Everyday items,Syringe,From_Bing,Tools-Everyday items/Syringe/010810101908.png
040810101909,Tools-Everyday items,Syringe,From_Kiani1000,Tools-Everyday items/Syringe/040810101909.png
010813302548,Tools-Everyday items,Table,From_Bing,Tools-Everyday items/Table/010813302548.png
010813302549,Tools-Everyday items,Table,From_Bing,Tools-Everyday items/Table/010813302549.png
010813302550,Tools-Everyday items,Table,From_Bing,Tools-Everyday items/Table/010813302550.png
010813302551,Tools-Everyday items,Table,From_Bing,Tools-Everyday items/Table/010813302551.png
010813302552,Tools-Everyday items,Table,From_Bing,Tools-Everyday items/Table/010813302552.png
010813302553,Tools-Everyday items,Table,From_Bing,Tools-Everyday items/Table/010813302553.png
010813302554,Tools-Everyday items,Table,From_Bing,Tools-Everyday items/Table/010813302554.png
010813302555,Tools-Everyday items,Table,From_Bing,Tools-Everyday items/Table/010813302555.png
010810201910,Tools-Everyday items,Table lamp,From_Bing,Tools-Everyday items/Table lamp/010810201910.png
010810201911,Tools-Everyday items,Table lamp,From_Bing,Tools-Everyday items/Table lamp/010810201911.png
010810201912,Tools-Everyday items,Table lamp,From_Bing,Tools-Everyday items/Table lamp/010810201912.png
010810201913,Tools-Everyday items,Table lamp,From_Bing,Tools-Everyday items/Table lamp/010810201913.png
010810201914,Tools-Everyday items,Table lamp,From_Bing,Tools-Everyday items/Table lamp/010810201914.png
010810201915,Tools-Everyday items,Table lamp,From_Bing,Tools-Everyday items/Table lamp/010810201915.png
010810301916,Tools-Everyday items,Tape,From_Bing,Tools-Everyday items/Tape/010810301916.png
010810301917,Tools-Everyday items,Tape,From_Bing,Tools-Everyday items/Tape/010810301917.png
010810301918,Tools-Everyday items,Tape,From_Bing,Tools-Everyday items/Tape/010810301918.png
010810301919,Tools-Everyday items,Tape,From_Bing,Tools-Everyday items/Tape/010810301919.png
010810301920,Tools-Everyday items,Tape,From_Bing,Tools-Everyday items/Tape/010810301920.png
010810301921,Tools-Everyday items,Tape,From_Bing,Tools-Everyday items/Tape/010810301921.png
010810301922,Tools-Everyday items,Tape,From_Bing,Tools-Everyday items/Tape/010810301922.png
010810301923,Tools-Everyday items,Tape,From_Bing,Tools-Everyday items/Tape/010810301923.png
010810301924,Tools-Everyday items,Tape,From_Bing,Tools-Everyday items/Tape/010810301924.png
010810401925,Tools-Everyday items,Tissue,From_Bing,Tools-Everyday items/Tissue/010810401925.png
010810401926,Tools-Everyday items,Tissue,From_Bing,Tools-Everyday items/Tissue/010810401926.png
010810401927,Tools-Everyday items,Tissue,From_Bing,Tools-Everyday items/Tissue/010810401927.png
010810401928,Tools-Everyday items,Tissue,From_Bing,Tools-Everyday items/Tissue/010810401928.png
010810401929,Tools-Everyday items,Tissue,From_Bing,Tools-Everyday items/Tissue/010810401929.png
010810801930,Tools-Everyday items,Umbralla,From_Bing,Tools-Everyday items/Umbralla/010810801930.png
010810801931,Tools-Everyday items,Umbralla,From_Bing,Tools-Everyday items/Umbralla/010810801931.png
010810801932,Tools-Everyday items,Umbralla,From_Bing,Tools-Everyday items/Umbralla/010810801932.png
010810801933,Tools-Everyday items,Umbralla,From_Bing,Tools-Everyday items/Umbralla/010810801933.png
010810801934,Tools-Everyday items,Umbralla,From_Bing,Tools-Everyday items/Umbralla/010810801934.png
010810801935,Tools-Everyday items,Umbralla,From_Bing,Tools-Everyday items/Umbralla/010810801935.png
010810801936,Tools-Everyday items,Umbralla,From_Bing,Tools-Everyday items/Umbralla/010810801936.png
010810801937,Tools-Everyday items,Umbralla,From_Bing,Tools-Everyday items/Umbralla/010810801937.png
010811201938,Tools-Everyday items,Wrench,From_Bing,Tools-Everyday items/Wrench/010811201938.png
010811201939,Tools-Everyday items,Wrench,From_Bing,Tools-Everyday items/Wrench/010811201939.png
010811201940,Tools-Everyday items,Wrench,From_Bing,Tools-Everyday items/Wrench/010811201940.png
010811201941,Tools-Everyday items,Wrench,From_Bing,Tools-Everyday items/Wrench/010811201941.png
010811201942,Tools-Everyday items,Wrench,From_Bing,Tools-Everyday items/Wrench/010811201942.png
010811201943,Tools-Everyday items,Wrench,From_Bing,Tools-Everyday items/Wrench/010811201943.png
010811201944,Tools-Everyday items,Wrench,From_Bing,Tools-Everyday items/Wrench/010811201944.png
010900501945,Vehicle,Bicycle,From_Bing,Vehicle/Bicycle/010900501945.png
010900501946,Vehicle,Bicycle,From_Bing,Vehicle/Bicycle/010900501946.png
010900501947,Vehicle,Bicycle,From_Bing,Vehicle/Bicycle/010900501947.png
010900501948,Vehicle,Bicycle,From_Bing,Vehicle/Bicycle/010900501948.png
010900501949,Vehicle,Bicycle,From_Bing,Vehicle/Bicycle/010900501949.png
010900501950,Vehicle,Bicycle,From_Bing,Vehicle/Bicycle/010900501950.png
010900501951,Vehicle,Bicycle,From_Bing,Vehicle/Bicycle/010900501951.png
010900501952,Vehicle,Bicycle,From_Bing,Vehicle/Bicycle/010900501952.png
010900501953,Vehicle,Bicycle,From_Bing,Vehicle/Bicycle/010900501953.png
010900501954,Vehicle,Bicycle,From_Bing,Vehicle/Bicycle/010900501954.png
010902501955,Vehicle,Coupe,From_Bing,Vehicle/Coupe/010902501955.png
010902501956,Vehicle,Coupe,From_Bing,Vehicle/Coupe/010902501956.png
010902501957,Vehicle,Coupe,From_Bing,Vehicle/Coupe/010902501957.png
010902501958,Vehicle,Coupe,From_Bing,Vehicle/Coupe/010902501958.png
010902501959,Vehicle,Coupe,From_Bing,Vehicle/Coupe/010902501959.png
010902501960,Vehicle,Coupe,From_Bing,Vehicle/Coupe/010902501960.png
010902501961,Vehicle,Coupe,From_Bing,Vehicle/Coupe/010902501961.png
010902501962,Vehicle,Coupe,From_Bing,Vehicle/Coupe/010902501962.png
010902501963,Vehicle,Coupe,From_Bing,Vehicle/Coupe/010902501963.png
010902501964,Vehicle,Coupe,From_Bing,Vehicle/Coupe/010902501964.png
010902501965,Vehicle,Coupe,From_Bing,Vehicle/Coupe/010902501965.png
010902501966,Vehicle,Coupe,From_Bing,Vehicle/Coupe/010902501966.png
010902501967,Vehicle,Coupe,From_Bing,Vehicle/Coupe/010902501967.png
010904301968,Vehicle,Hatchback,From_Bing,Vehicle/Hatchback/010904301968.png
010904301969,Vehicle,Hatchback,From_Bing,Vehicle/Hatchback/010904301969.png
010904301970,Vehicle,Hatchback,From_Bing,Vehicle/Hatchback/010904301970.png
010904301971,Vehicle,Hatchback,From_Bing,Vehicle/Hatchback/010904301971.png
010904301972,Vehicle,Hatchback,From_Bing,Vehicle/Hatchback/010904301972.png
010904301973,Vehicle,Hatchback,From_Bing,Vehicle/Hatchback/010904301973.png
010904301974,Vehicle,Hatchback,From_Bing,Vehicle/Hatchback/010904301974.png
010904301975,Vehicle,Hatchback,From_Bing,Vehicle/Hatchback/010904301975.png
010904301976,Vehicle,Hatchback,From_Bing,Vehicle/Hatchback/010904301976.png
010904301977,Vehicle,Hatchback,From_Bing,Vehicle/Hatchback/010904301977.png
010904301978,Vehicle,Hatchback,From_Bing,Vehicle/Hatchback/010904301978.png
010904301979,Vehicle,Hatchback,From_Bing,Vehicle/Hatchback/010904301979.png
010904301980,Vehicle,Hatchback,From_Bing,Vehicle/Hatchback/010904301980.png
010906401981,Vehicle,Monocycle,From_Bing,Vehicle/Monocycle/010906401981.png
010906401982,Vehicle,Monocycle,From_Bing,Vehicle/Monocycle/010906401982.png
010906401983,Vehicle,Monocycle,From_Bing,Vehicle/Monocycle/010906401983.png
010906401984,Vehicle,Monocycle,From_Bing,Vehicle/Monocycle/010906401984.png
010906401985,Vehicle,Monocycle,From_Bing,Vehicle/Monocycle/010906401985.png
010906401986,Vehicle,Monocycle,From_Bing,Vehicle/Monocycle/010906401986.png
010906401987,Vehicle,Monocycle,From_Bing,Vehicle/Monocycle/010906401987.png
010906401988,Vehicle,Monocycle,From_Bing,Vehicle/Monocycle/010906401988.png
010906401989,Vehicle,Monocycle,From_Bing,Vehicle/Monocycle/010906401989.png
010906401990,Vehicle,Monocycle,From_Bing,Vehicle/Monocycle/010906401990.png
010906401991,Vehicle,Monocycle,From_Bing,Vehicle/Monocycle/010906401991.png
010906401992,Vehicle,Monocycle,From_Bing,Vehicle/Monocycle/010906401992.png
010906601993,Vehicle,Motorcycle,From_Bing,Vehicle/Motorcycle/010906601993.png
010906601994,Vehicle,Motorcycle,From_Bing,Vehicle/Motorcycle/010906601994.png
010906601995,Vehicle,Motorcycle,From_Bing,Vehicle/Motorcycle/010906601995.png
010906601996,Vehicle,Motorcycle,From_Bing,Vehicle/Motorcycle/010906601996.png
010906601997,Vehicle,Motorcycle,From_Bing,Vehicle/Motorcycle/010906601997.png
010906601998,Vehicle,Motorcycle,From_Bing,Vehicle/Motorcycle/010906601998.png
010908401999,Vehicle,SUV,From_Bing,Vehicle/SUV/010908401999.png
010908402000,Vehicle,SUV,From_Bing,Vehicle/SUV/010908402000.png
010908402001,Vehicle,SUV,From_Bing,Vehicle/SUV/010908402001.png
010908402002,Vehicle,SUV,From_Bing,Vehicle/SUV/010908402002.png
010908402003,Vehicle,SUV,From_Bing,Vehicle/SUV/010908402003.png
010908402004,Vehicle,SUV,From_Bing,Vehicle/SUV/010908402004.png
010908402005,Vehicle,SUV,From_Bing,Vehicle/SUV/010908402005.png
010908402006,Vehicle,SUV,From_Bing,Vehicle/SUV/010908402006.png
010908402007,Vehicle,SUV,From_Bing,Vehicle/SUV/010908402007.png
010908402008,Vehicle,SUV,From_Bing,Vehicle/SUV/010908402008.png
010908402009,Vehicle,SUV,From_Bing,Vehicle/SUV/010908402009.png
010908402010,Vehicle,SUV,From_Bing,Vehicle/SUV/010908402010.png
010908402011,Vehicle,SUV,From_Bing,Vehicle/SUV/010908402011.png
010908402012,Vehicle,SUV,From_Bing,Vehicle/SUV/010908402012.png
010908402013,Vehicle,SUV,From_Bing,Vehicle/SUV/010908402013.png
010908402014,Vehicle,SUV,From_Bing,Vehicle/SUV/010908402014.png
010908402015,Vehicle,SUV,From_Bing,Vehicle/SUV/010908402015.png
010908702016,Vehicle,Scooter,From_Bing,Vehicle/Scooter/010908702016.png
010908702017,Vehicle,Scooter,From_Bing,Vehicle/Scooter/010908702017.png
010908702018,Vehicle,Scooter,From_Bing,Vehicle/Scooter/010908702018.png
010908702019,Vehicle,Scooter,From_Bing,Vehicle/Scooter/010908702019.png
010908702020,Vehicle,Scooter,From_Bing,Vehicle/Scooter/010908702020.png
010908702021,Vehicle,Scooter,From_Bing,Vehicle/Scooter/010908702021.png
010908702022,Vehicle,Scooter,From_Bing,Vehicle/Scooter/010908702022.png
010908702023,Vehicle,Scooter,From_Bing,Vehicle/Scooter/010908702023.png
010908702024,Vehicle,Scooter,From_Bing,Vehicle/Scooter/010908702024.png
010909002025,Vehicle,Sedan,From_Bing,Vehicle/Sedan/010909002025.png
010909002026,Vehicle,Sedan,From_Bing,Vehicle/Sedan/010909002026.png
010909002027,Vehicle,Sedan,From_Bing,Vehicle/Sedan/010909002027.png
010909002028,Vehicle,Sedan,From_Bing,Vehicle/Sedan/010909002028.png
010909002029,Vehicle,Sedan,From_Bing,Vehicle/Sedan/010909002029.png
010909002030,Vehicle,Sedan,From_Bing,Vehicle/Sedan/010909002030.png
010909002031,Vehicle,Sedan,From_Bing,Vehicle/Sedan/010909002031.png
010909002032,Vehicle,Sedan,From_Bing,Vehicle/Sedan/010909002032.png
010909002033,Vehicle,Sedan,From_Bing,Vehicle/Sedan/010909002033.png
010909002034,Vehicle,Sedan,From_Bing,Vehicle/Sedan/010909002034.png
010909002035,Vehicle,Sedan,From_Bing,Vehicle/Sedan/010909002035.png
010909002036,Vehicle,Sedan,From_Bing,Vehicle/Sedan/010909002036.png
010909002037,Vehicle,Sedan,From_Bing,Vehicle/Sedan/010909002037.png
010909102038,Vehicle,Segway,From_Bing,Vehicle/Segway/010909102038.png
010909102039,Vehicle,Segway,From_Bing,Vehicle/Segway/010909102039.png
010909102040,Vehicle,Segway,From_Bing,Vehicle/Segway/010909102040.png
010909102041,Vehicle,Segway,From_Bing,Vehicle/Segway/010909102041.png
010909102042,Vehicle,Segway,From_Bing,Vehicle/Segway/010909102042.png
010909102043,Vehicle,Segway,From_Bing,Vehicle/Segway/010909102043.png
010909102044,Vehicle,Segway,From_Bing,Vehicle/Segway/010909102044.png
010909102045,Vehicle,Segway,From_Bing,Vehicle/Segway/010909102045.png
010909102046,Vehicle,Segway,From_Bing,Vehicle/Segway/010909102046.png
010909502047,Vehicle,SportsCar,From_Bing,Vehicle/SportsCar/010909502047.png
010909502048,Vehicle,SportsCar,From_Bing,Vehicle/SportsCar/010909502048.png
010909502049,Vehicle,SportsCar,From_Bing,Vehicle/SportsCar/010909502049.png
010909502050,Vehicle,SportsCar,From_Bing,Vehicle/SportsCar/010909502050.png
010909502051,Vehicle,SportsCar,From_Bing,Vehicle/SportsCar/010909502051.png
010909502052,Vehicle,SportsCar,From_Bing,Vehicle/SportsCar/010909502052.png
010909502053,Vehicle,SportsCar,From_Bing,Vehicle/SportsCar/010909502053.png
010909502054,Vehicle,SportsCar,From_Bing,Vehicle/SportsCar/010909502054.png
010909502055,Vehicle,SportsCar,From_Bing,Vehicle/SportsCar/010909502055.png
010909502056,Vehicle,SportsCar,From_Bing,Vehicle/SportsCar/010909502056.png
010910602057,Vehicle,Tricycle,From_Bing,Vehicle/Tricycle/010910602057.png
010910602058,Vehicle,Tricycle,From_Bing,Vehicle/Tricycle/010910602058.png
010910602059,Vehicle,Tricycle,From_Bing,Vehicle/Tricycle/010910602059.png
010910602060,Vehicle,Tricycle,From_Bing,Vehicle/Tricycle/010910602060.png
010910602061,Vehicle,Tricycle,From_Bing,Vehicle/Tricycle/010910602061.png
010910602062,Vehicle,Tricycle,From_Bing,Vehicle/Tricycle/010910602062.png
010910602063,Vehicle,Tricycle,From_Bing,Vehicle/Tricycle/010910602063.png
010910602064,Vehicle,Tricycle,From_Bing,Vehicle/Tricycle/010910602064.png
010910602065,Vehicle,Tricycle,From_Bing,Vehicle/Tricycle/010910602065.png
010910602066,Vehicle,Tricycle,From_Bing,Vehicle/Tricycle/010910602066.png
010910602067,Vehicle,Tricycle,From_Bing,Vehicle/Tricycle/010910602067.png
010910902068,Vehicle,Van,From_Bing,Vehicle/Van/010910902068.png
010910902069,Vehicle,Van,From_Bing,Vehicle/Van/010910902069.png
010910902070,Vehicle,Van,From_Bing,Vehicle/Van/010910902070.png
010910902071,Vehicle,Van,From_Bing,Vehicle/Van/010910902071.png
010910902072,Vehicle,Van,From_Bing,Vehicle/Van/010910902072.png
010910902073,Vehicle,Van,From_Bing,Vehicle/Van/010910902073.png
010910902074,Vehicle,Van,From_Bing,Vehicle/Van/010910902074.png
